user_id,recommended_items_id
1,"12171576, 823704, 824005, 962568, 979707"
2,"7410217, 823704, 824005, 1133018, 951590"
3,"991836, 823704, 824005, 1133018, 908531"
6,"12384953, 823704, 824005, 995242, 986912"
7,"8249164, 823704, 824005, 1133018, 1003188"
8,"13115915, 823704, 824005, 1029743, 1004906"
9,"911140, 823704, 824005, 995242, 918046"
10,"12263510, 823704, 824005, 1106523, 986912"
13,"14025593, 823704, 824005, 1029743, 923746"
14,"9835223, 823704, 824005, 1029743, 981760"
15,"1130729, 823704, 824005, 1070820, 1098844"
16,"12607736, 823704, 824005, 12263788, 9677923"
18,"878715, 823704, 824005, 951412, 866211"
19,"6533765, 824005, 825541, 1029743, 1044078"
20,"901772, 823704, 824005, 1126899, 1075368"
21,"14025695, 823704, 824005, 995242, 834117"
22,"1048257, 823704, 824005, 1070820, 854852"
23,"1034176, 823704, 824005, 12648296, 7441271"
24,"844462, 823704, 824005, 1106523, 866211"
25,"983665, 824005, 825541, 995242, 844179"
26,"1023595, 823704, 824005, 1081177, 990797"
27,"897449, 823704, 824005, 1002558, 986912"
28,"948670, 823704, 824005, 1005186, 878996"
29,"1120134, 823704, 824005, 825541, 832678"
30,"8249122, 823704, 824005, 995242, 825541"
31,"860248, 823704, 824005, 981760, 1070820"
32,"1051046, 823704, 824005, 981760, 1058997"
33,"836445, 823704, 824005, 1081177, 871756"
34,"1074518, 823704, 824005, 1101010, 1044805"
35,"12385341, 823704, 824005, 1053690, 825541"
36,"17105006, 823704, 824005, 1029743, 962568"
37,"9677407, 823704, 824005, 1122358, 1067695"
39,"14025267, 823704, 824005, 6602697, 825365"
40,"928263, 823704, 824005, 903325, 995242"
41,"874972, 823704, 824005, 909714, 913210"
42,"874972, 823704, 824005, 1029743, 981760"
43,"5592657, 823704, 824005, 873178, 1095068"
46,"1108094, 823704, 824005, 1029743, 923746"
47,"9677366, 823704, 824005, 1126252, 9487606"
49,"12731432, 823704, 824005, 862349, 916122"
50,"1022322, 823704, 824005, 1029743, 908531"
51,"13039540, 823704, 824005, 1029743, 981760"
52,"1056740, 823704, 824005, 1106523, 5569230"
53,"9884417, 823704, 824005, 844179, 6034857"
55,"5566398, 823704, 824005, 844165, 995242"
56,"848029, 823704, 824005, 5569230, 979707"
57,"17249614, 823704, 824005, 979707, 854852"
58,"995151, 823704, 824005, 1070820, 903325"
59,"10457471, 823704, 824005, 1133018, 899624"
62,"1092480, 823704, 824005, 51220, 197681"
63,"1347064, 823704, 824005, 927400, 892144"
64,"982469, 823704, 824005, 1004906, 1065593"
65,"7149908, 823704, 824005, 965766, 986912"
67,"1118946, 823704, 824005, 995242, 859075"
68,"901067, 823704, 824005, 995242, 981760"
69,"5569075, 823704, 824005, 1106523, 981760"
70,"15926655, 823704, 824005, 1039156, 825541"
71,"1008288, 823704, 824005, 995242, 965766"
75,"700242, 823704, 824005, 801564, 626178"
77,"972969, 823704, 824005, 1126899, 916122"
78,"12672820, 823704, 824005, 923746, 889731"
79,"981757, 823704, 824005, 1053690, 862349"
80,"5592657, 823704, 824005, 986912, 901062"
81,"1077057, 823704, 824005, 995242, 916381"
82,"9542312, 823704, 824005, 917816, 929726"
83,"1080600, 823704, 824005, 1075214, 825541"
84,"81290, 823704, 824005, 830887, 1079292"
85,"858336, 823704, 824005, 859075, 1076056"
86,"1013748, 823704, 824005, 1106523, 951590"
87,"968297, 823704, 824005, 1079528, 965963"
88,"8156489, 823704, 824005, 981760, 1070820"
90,"10457075, 823704, 824005, 1070820, 1036347"
91,"12457149, 823704, 824005, 1029743, 1088147"
92,"973680, 823704, 824005, 880150, 900802"
94,"17105006, 823704, 824005, 979707, 866211"
95,"1088771, 824005, 825541, 995242, 923746"
97,"10149351, 823704, 824005, 995242, 923746"
98,"1016489, 823704, 824005, 1134522, 862349"
99,"873324, 823704, 824005, 995242, 866211"
100,"863762, 823704, 824005, 922907, 907631"
101,"6533765, 823704, 824005, 1106523, 899624"
103,"1004122, 823704, 824005, 7409845, 930545"
104,"1021164, 823704, 824005, 962568, 995242"
105,"1025147, 823704, 824005, 923746, 914190"
106,"5568411, 823704, 824005, 962568, 916122"
107,"9932129, 823704, 824005, 916381, 1037840"
109,"13003101, 823704, 825541, 979707, 908531"
110,"1046015, 823704, 824005, 1106523, 1044078"
111,"5592797, 823704, 824005, 840601, 12811532"
112,"15778151, 823704, 824005, 7168026, 909972"
113,"950463, 823704, 824005, 962568, 1070820"
114,"1119993, 823704, 824005, 1029743, 1044078"
115,"883819, 823704, 824005, 981760, 1133018"
116,"932188, 823704, 824005, 923746, 1037863"
117,"994272, 823704, 824005, 995242, 962229"
118,"15972905, 823704, 824005, 893018, 1058997"
119,"1032967, 823704, 824005, 995242, 940947"
121,"1080717, 823704, 824005, 8090537, 863447"
122,"987964, 823704, 824005, 9419525, 1035676"
123,"1086304, 823704, 824005, 1029743, 981760"
124,"6979307, 823704, 824005, 833025, 844179"
125,"840501, 823704, 825541, 995242, 923746"
126,"13381849, 823704, 824005, 1019247, 962185"
127,"9682342, 823704, 824005, 995242, 908531"
128,"850028, 823704, 824005, 1029743, 981760"
131,"1013091, 823704, 824005, 1075214, 1048068"
132,"1139216, 823704, 824005, 1126899, 866211"
133,"332873, 823704, 824005, 995242, 979707"
134,"12988308, 823704, 824005, 913210, 5592931"
135,"865443, 823704, 824005, 879876, 1063207"
136,"927765, 823704, 824005, 962568, 899624"
138,"912141, 823704, 824005, 5569230, 1038217"
139,"12262830, 823704, 824005, 1058997, 5569230"
140,"949192, 823704, 824005, 914190, 892531"
141,"831407, 823704, 824005, 1048472, 1108854"
142,"1030096, 823704, 824005, 1074524, 990797"
143,"838948, 823704, 824005, 1106523, 965766"
146,"15574512, 823704, 824005, 995242, 905636"
151,"7159251, 823704, 825541, 5569230, 843756"
153,"13911227, 823704, 824005, 1062128, 1072523"
156,"15512233, 823704, 824005, 833025, 865456"
157,"5589098, 823704, 824005, 923746, 1126899"
158,"1035321, 823704, 824005, 862349, 834826"
159,"12695877, 823704, 824005, 1004906, 9420312"
160,"899019, 823704, 824005, 862349, 961554"
161,"917384, 823704, 824005, 868764, 981760"
162,"841565, 823704, 824005, 1070820, 916122"
164,"891901, 823704, 824005, 1029743, 1092026"
166,"8019921, 823704, 824005, 1029743, 914190"
167,"822431, 823704, 824005, 983316, 1109832"
168,"16099862, 823704, 824005, 1029743, 1004906"
169,"910841, 823704, 824005, 12757316, 1037894"
171,"933354, 823704, 824005, 907625, 15737492"
172,"6533765, 823704, 824005, 1044500, 853265"
174,"8379758, 823704, 824005, 951590, 1069621"
178,"12781303, 823704, 824005, 1092026, 1106523"
183,"1096506, 823704, 824005, 15926712, 9487780"
184,"848029, 823704, 824005, 981760, 1056746"
185,"1135377, 823704, 824005, 1029743, 923746"
187,"849202, 823704, 824005, 908531, 961554"
188,"904390, 823704, 824005, 879755, 847982"
190,"2072889, 823704, 824005, 825365, 1079228"
191,"5126769, 823704, 824005, 1039156, 994955"
192,"931387, 823704, 824005, 1029743, 5569230"
193,"1134483, 823704, 824005, 1106523, 944139"
194,"12987861, 823704, 824005, 923746, 845208"
195,"12262830, 823704, 824005, 995242, 981760"
196,"970747, 823704, 824005, 880363, 825541"
197,"1016182, 823704, 824005, 1126899, 838186"
198,"9521787, 823704, 824005, 1029743, 899624"
199,"1090761, 823704, 824005, 15830984, 9523058"
200,"1073678, 823704, 824005, 1058997, 909894"
201,"850028, 823704, 824005, 1133018, 833025"
202,"12262830, 823704, 824005, 916122, 999779"
203,"13944756, 823704, 824005, 1029743, 914190"
204,"12172145, 823704, 824005, 1053690, 5569230"
205,"933354, 823704, 824005, 1106523, 13877192"
208,"10311943, 823704, 824005, 981760, 979707"
209,"6533765, 823704, 824005, 1029743, 899624"
210,"12262778, 823704, 824005, 1106523, 1062966"
211,"1087918, 823704, 824005, 962229, 832678"
212,"911340, 823704, 824005, 995242, 1056509"
213,"971962, 823704, 824005, 1000753, 847434"
214,"16733993, 823704, 824005, 901062, 833724"
215,"10456035, 823704, 824005, 981760, 916122"
216,"1017718, 823704, 824005, 6533936, 974204"
217,"1000753, 824005, 825541, 995242, 951590"
218,"969725, 823704, 824005, 1029743, 962568"
219,"1034176, 823704, 824005, 981760, 1127831"
220,"1111080, 823704, 824005, 995242, 866211"
221,"9487933, 823704, 824005, 981760, 1133018"
222,"1014919, 823704, 824005, 866211, 859075"
224,"1099637, 823704, 824005, 10285144, 1102879"
225,"829291, 823704, 824005, 9420312, 902172"
227,"10311984, 823704, 824005, 908531, 890695"
228,"2512067, 823704, 824005, 1101725, 909510"
230,"6919193, 823704, 824005, 1029743, 1044078"
232,"1111821, 823704, 824005, 1106523, 923746"
233,"833940, 823704, 824005, 995242, 1068719"
235,"1021324, 823704, 824005, 1070820, 970030"
236,"997272, 823704, 824005, 1076056, 829852"
239,"13987205, 823704, 824005, 1133018, 1044078"
240,"12731432, 823704, 824005, 1106523, 923746"
242,"7157442, 823704, 824005, 1029743, 961554"
243,"15972905, 823704, 824005, 962568, 6034857"
244,"1112593, 823704, 824005, 1133018, 909894"
246,"10203766, 823704, 824005, 1070820, 826385"
247,"874972, 823704, 824005, 1133018, 1081177"
249,"12648619, 823704, 824005, 1029743, 15926886"
250,"874404, 823704, 824005, 995242, 951590"
251,"848029, 824005, 825541, 923746, 1070820"
252,"842819, 823704, 824005, 825541, 832678"
253,"13213332, 823704, 824005, 1062966, 951590"
254,"13070880, 823704, 824005, 17827241, 6534552"
256,"5570398, 823704, 824005, 862349, 1075368"
257,"12384731, 823704, 824005, 993638, 1113820"
258,"1048257, 823704, 824005, 995242, 15926712"
259,"12582520, 823704, 824005, 1039156, 940947"
260,"993149, 823704, 824005, 909714, 834117"
262,"15574317, 823704, 824005, 859075, 1040807"
263,"1002787, 823704, 824005, 995242, 1044078"
264,"1266110, 823704, 824005, 961554, 1018740"
265,"901067, 823704, 824005, 1017446, 5582370"
266,"1082627, 823704, 824005, 981760, 1126899"
267,"954809, 823704, 824005, 901976, 825541"
268,"6424290, 823704, 824005, 15716677, 837107"
269,"15660214, 823704, 824005, 1106523, 981760"
270,"8020166, 823704, 824005, 1106523, 981760"
271,"1029688, 823704, 825541, 981760, 844165"
273,"1025346, 823704, 824005, 13115501, 859010"
274,"1099354, 823704, 824005, 841228, 1084177"
275,"6533765, 823704, 824005, 1133018, 961554"
276,"847803, 823704, 824005, 962568, 1053924"
278,"13007123, 823704, 825541, 995242, 899624"
280,"6632892, 823704, 824005, 1106523, 977266"
281,"5571881, 823704, 824005, 862349, 833025"
282,"844356, 823704, 824005, 6034857, 1138854"
283,"878715, 823704, 824005, 995242, 914190"
284,"12171629, 823704, 824005, 1101173, 12301405"
285,"13417267, 823704, 824005, 981760, 1043590"
286,"10198378, 823704, 824005, 1103513, 1119051"
287,"16053266, 823704, 824005, 1106523, 923746"
288,"5592437, 823704, 824005, 1126899, 908531"
289,"12673297, 823704, 824005, 962568, 981760"
290,"7160764, 823704, 824005, 952317, 995242"
291,"13213383, 823704, 824005, 1044078, 5568378"
292,"6961684, 823704, 824005, 1106523, 981760"
294,"12484491, 823704, 824005, 995242, 908531"
297,"7024806, 823704, 824005, 899624, 908531"
300,"16768066, 823704, 824005, 845013, 10312352"
301,"14050357, 823704, 824005, 995242, 916122"
302,"1103360, 823704, 824005, 892531, 1101174"
303,"1087618, 823704, 824005, 995242, 1068719"
304,"16035203, 823704, 824005, 1029743, 923746"
305,"1032967, 823704, 824005, 913210, 1011876"
306,"846466, 823704, 824005, 962568, 995242"
307,"7409520, 823704, 824005, 1039156, 898212"
308,"9524291, 823704, 824005, 1110572, 1011920"
311,"950998, 823704, 824005, 1110572, 1091365"
312,"844792, 823704, 824005, 965766, 901776"
314,"833940, 823704, 824005, 903325, 1133018"
316,"836445, 823704, 824005, 914190, 979707"
317,"997272, 823704, 824005, 1029743, 951590"
318,"12172193, 823704, 824005, 5568729, 1106301"
321,"962920, 823704, 824005, 979707, 944836"
322,"935467, 823704, 824005, 1044078, 979707"
323,"826666, 823704, 824005, 923746, 1068719"
324,"9521679, 823704, 824005, 979707, 903325"
325,"12810464, 823704, 824005, 995242, 914190"
326,"1032344, 823704, 824005, 995242, 8090521"
327,"1132204, 823704, 824005, 1133018, 883963"
328,"1048257, 823704, 824005, 1070820, 979707"
329,"948670, 823704, 824005, 1029743, 979707"
330,"13216921, 823704, 824005, 1106523, 923746"
331,"16809529, 823704, 824005, 862349, 1086732"
332,"992575, 823704, 824005, 995242, 859075"
333,"944645, 823704, 824005, 899624, 825541"
334,"490679, 823704, 824005, 1029743, 1056509"
338,"6533765, 823704, 824005, 923746, 1133018"
339,"9884246, 823704, 824005, 1106523, 1051211"
342,"1000753, 823704, 824005, 854852, 847982"
343,"1137484, 823704, 824005, 961554, 933835"
345,"13986393, 823704, 824005, 923746, 1133018"
346,"12604833, 823704, 824005, 1029743, 981760"
347,"878184, 823704, 824005, 1024306, 961851"
348,"947858, 823704, 824005, 1106523, 923746"
349,"12185568, 823704, 824005, 995242, 1044078"
350,"721164, 823704, 824005, 1106523, 1044078"
351,"1000753, 823704, 824005, 951590, 923746"
353,"16769948, 823704, 824005, 948086, 1090336"
354,"849202, 823704, 824005, 914190, 962568"
356,"1246048, 823704, 824005, 867668, 1131506"
357,"833940, 823704, 824005, 1133018, 908531"
358,"1021324, 824005, 825541, 5569230, 1106523"
360,"7410086, 823704, 824005, 1110572, 1037894"
361,"1035321, 823704, 824005, 962568, 899624"
362,"9884293, 823704, 824005, 923746, 1127831"
364,"1095440, 823704, 824005, 923746, 1092026"
365,"1017718, 823704, 824005, 981760, 986912"
366,"1602110, 823704, 824005, 1065593, 1077555"
367,"9524291, 823704, 824005, 862349, 970619"
369,"973340, 823704, 824005, 1106523, 923746"
371,"1035321, 823704, 824005, 1029743, 914190"
373,"12262694, 823704, 824005, 986912, 999779"
374,"1108094, 823704, 824005, 1029743, 923746"
375,"13190561, 823704, 824005, 885023, 1058021"
376,"9526435, 823704, 824005, 1044078, 859075"
377,"1054109, 823704, 824005, 1138443, 959985"
378,"1021164, 823704, 824005, 833025, 1005186"
380,"1013928, 823704, 824005, 1106523, 923746"
381,"15686645, 823704, 824005, 1106523, 859075"
382,"942565, 823704, 824005, 1106523, 1115175"
383,"10150088, 823704, 824005, 979707, 1058997"
384,"12188625, 823704, 824005, 1075368, 843756"
385,"9521787, 823704, 824005, 854852, 1010190"
386,"970939, 823704, 824005, 1092026, 995242"
387,"878715, 823704, 824005, 981760, 1126899"
388,"9878692, 823704, 824005, 995242, 961554"
389,"887474, 823704, 824005, 1058997, 866211"
390,"16830507, 823704, 824005, 999714, 1058243"
392,"12984573, 823704, 824005, 951412, 981760"
393,"1013928, 823704, 824005, 1029743, 1065593"
394,"9521679, 823704, 824005, 1029743, 986912"
395,"13133711, 823704, 824005, 1053690, 5568378"
396,"6391140, 823704, 824005, 834103, 993441"
397,"1063824, 823704, 824005, 995242, 914190"
398,"7443069, 823704, 824005, 995242, 1053690"
400,"1111035, 823704, 824005, 1029743, 923746"
401,"12487391, 824005, 825541, 986912, 883202"
402,"970747, 825541, 832678, 979707, 916122"
404,"1119946, 823704, 824005, 1110142, 862682"
405,"5546241, 823704, 824005, 962229, 916122"
406,"6553919, 823704, 824005, 995242, 1116821"
407,"9835223, 823704, 824005, 995242, 908531"
409,"1134688, 823704, 824005, 981760, 862349"
410,"985385, 823704, 824005, 995242, 923746"
411,"1080758, 823704, 824005, 825541, 832678"
412,"6533765, 823704, 824005, 995242, 986912"
413,"9796050, 823704, 824005, 1106523, 5569230"
414,"12984573, 823704, 824005, 1029743, 859075"
415,"864893, 823704, 824005, 1133018, 1056509"
417,"9526549, 823704, 824005, 995242, 844165"
418,"7410086, 823704, 824005, 1029743, 981760"
420,"844356, 823704, 824005, 1029743, 961747"
421,"13007721, 823704, 824005, 899624, 916122"
425,"969725, 823704, 824005, 923746, 914190"
426,"916062, 823704, 824005, 961554, 903325"
427,"1126683, 823704, 824005, 1029743, 1037863"
429,"10457447, 823704, 824005, 995242, 914190"
430,"13910006, 823704, 824005, 1029743, 908531"
432,"12781734, 823704, 824005, 825994, 907128"
433,"995151, 823704, 824005, 1106523, 963971"
434,"9522210, 823704, 824005, 1065593, 1048462"
435,"12484608, 823704, 824005, 899624, 5569230"
437,"948670, 823704, 824005, 1039156, 889632"
438,"1126731, 823704, 824005, 1029743, 951590"
441,"13189554, 823704, 824005, 12810393, 1038985"
442,"1070511, 823704, 824005, 1085604, 1126899"
443,"1761579, 823704, 824005, 923746, 914190"
446,"6961601, 823704, 824005, 937909, 825541"
447,"12582414, 823704, 824005, 995242, 986912"
449,"970866, 823704, 824005, 1029743, 914190"
450,"12810391, 823704, 824005, 995242, 923746"
451,"1104035, 823704, 824005, 916122, 1004906"
454,"848029, 823704, 825541, 995242, 899624"
457,"847803, 823704, 824005, 1029743, 844165"
458,"1063355, 823704, 824005, 1058997, 961554"
459,"863762, 823704, 824005, 1075313, 885290"
460,"14050478, 823704, 824005, 981760, 826385"
461,"9419959, 823704, 824005, 995242, 909714"
462,"5566681, 823704, 824005, 995242, 1081177"
463,"948670, 823704, 824005, 1133018, 835243"
464,"942565, 823704, 824005, 995242, 923746"
466,"989137, 823704, 824005, 832001, 859191"
467,"7410033, 823704, 824005, 916122, 834117"
468,"1032967, 823704, 824005, 1106523, 908531"
469,"1775642, 823704, 824005, 901062, 979707"
470,"908314, 823704, 824005, 1065593, 840601"
471,"13877311, 823704, 824005, 995242, 914190"
474,"935951, 823704, 824005, 1065593, 7147145"
477,"948670, 823704, 824005, 1029743, 879755"
478,"12605610, 823704, 824005, 1110843, 8090440"
479,"10457539, 823704, 824005, 6773108, 10149868"
480,"148563, 823704, 824005, 1009449, 12582156"
482,"836445, 823704, 824005, 1133018, 1068719"
483,"1015306, 823704, 824005, 879755, 1077588"
484,"833940, 823704, 824005, 995242, 1044759"
485,"12810391, 823704, 824005, 923746, 899624"
487,"5567506, 823704, 824005, 906763, 921863"
489,"7124838, 823704, 824005, 981760, 986912"
491,"13115740, 823704, 824005, 885023, 1051468"
493,"1119993, 823704, 824005, 995242, 1068719"
495,"930283, 823704, 824005, 995242, 923746"
497,"869514, 823704, 824005, 837304, 942778"
502,"13910532, 823704, 824005, 1029743, 859075"
503,"838890, 823704, 824005, 866211, 987562"
505,"15741011, 823704, 824005, 1127716, 962991"
506,"849202, 823704, 824005, 1026118, 1081853"
507,"12262923, 823704, 824005, 1126899, 866211"
508,"1116579, 823704, 824005, 1004906, 8090537"
510,"1051046, 823704, 824005, 862349, 844165"
511,"6533765, 823704, 824005, 995242, 844165"
513,"848029, 823704, 824005, 962568, 1018740"
514,"9488067, 823704, 824005, 866211, 903325"
515,"8155984, 823704, 824005, 995242, 5591538"
516,"9803590, 823704, 824005, 1125420, 825541"
517,"1106872, 823704, 824005, 1126899, 859075"
518,"961730, 823704, 824005, 995242, 979707"
520,"977839, 823704, 824005, 995242, 923746"
521,"15597091, 823704, 824005, 923746, 962568"
523,"874972, 823704, 824005, 995242, 1110572"
524,"9882573, 823704, 824005, 923746, 1133018"
525,"12732737, 823704, 824005, 933835, 1138443"
526,"1119993, 824005, 825541, 995242, 5569230"
527,"877383, 823704, 824005, 979707, 1058997"
531,"859770, 823704, 824005, 981760, 5569230"
533,"1013259, 823704, 824005, 1029743, 899624"
534,"6533765, 823704, 824005, 993466, 1110764"
537,"5568411, 823704, 824005, 9297917, 825541"
538,"1048257, 823704, 825541, 1070820, 916122"
539,"1108094, 823704, 824005, 981760, 923746"
540,"13039022, 823704, 825541, 961554, 854852"
542,"878560, 823704, 824005, 1106523, 942525"
543,"958594, 823704, 824005, 995242, 8090537"
544,"13944441, 823704, 824005, 878996, 947201"
545,"1076211, 823704, 824005, 1005186, 873044"
547,"1069506, 823704, 824005, 1106523, 916122"
548,"950282, 823704, 824005, 981760, 857503"
550,"12781975, 823704, 824005, 995242, 844165"
552,"13910811, 823704, 824005, 1038217, 5592931"
553,"1989449, 823704, 824005, 1029743, 951590"
554,"867785, 823704, 824005, 1029743, 8090537"
557,"1103605, 823704, 824005, 881443, 9526709"
558,"10149492, 823704, 824005, 5592931, 948650"
560,"15801283, 823704, 824005, 1029743, 916122"
562,"1316073, 823704, 825541, 995242, 981760"
563,"1034567, 823704, 824005, 1070820, 854852"
564,"9655709, 823704, 824005, 1005186, 1110572"
566,"1120643, 823704, 824005, 1029743, 951590"
567,"9704174, 823704, 824005, 1044078, 1133018"
568,"1013928, 823704, 824005, 1106523, 923746"
569,"14025268, 823704, 824005, 5569471, 1028816"
570,"6034365, 823704, 824005, 995242, 866211"
574,"821859, 823704, 824005, 914190, 995242"
575,"938980, 823704, 824005, 5569230, 901062"
576,"912141, 823704, 824005, 945244, 5580577"
577,"6904466, 823704, 824005, 981760, 951590"
578,"901772, 823704, 824005, 862349, 962568"
579,"970747, 824005, 825541, 995242, 923746"
580,"1118946, 823704, 824005, 979707, 1056509"
581,"925992, 823704, 824005, 13157899, 825541"
582,"1021324, 823704, 824005, 995242, 1119051"
583,"6704127, 823704, 824005, 1108168, 1138292"
586,"12781731, 823704, 824005, 1004906, 859075"
587,"1035321, 823704, 824005, 1077285, 890695"
588,"13910006, 823704, 824005, 1106523, 859075"
590,"9835223, 823704, 824005, 914190, 844165"
591,"6533765, 823704, 824005, 1094955, 1007549"
593,"15567109, 823704, 824005, 57390, 825541"
594,"12731517, 823704, 824005, 1106523, 1053690"
595,"982512, 823704, 824005, 1002558, 977658"
596,"831407, 823704, 824005, 1029743, 1044078"
598,"6533765, 823704, 825541, 981760, 923746"
600,"1021324, 823704, 824005, 1029743, 951590"
602,"15572302, 823704, 824005, 1029743, 981760"
603,"16828794, 823704, 824005, 945909, 9926758"
604,"16809589, 823704, 824005, 862349, 10150194"
605,"948670, 823704, 824005, 862349, 981760"
606,"933354, 823704, 824005, 995242, 845208"
608,"1013928, 823704, 824005, 1106523, 923746"
610,"9221400, 823704, 824005, 1081177, 1027068"
611,"956599, 823704, 824005, 1029743, 914190"
612,"13115997, 823704, 824005, 1029743, 1065593"
613,"1010741, 823704, 824005, 1133018, 962568"
614,"848029, 823704, 824005, 995242, 962568"
615,"907143, 823704, 824005, 995242, 856345"
617,"1096005, 823704, 824005, 962568, 1126899"
618,"13007706, 823704, 824005, 916260, 825541"
621,"8144561, 823704, 824005, 844179, 965766"
622,"1038663, 823704, 824005, 1106523, 965766"
623,"13511503, 823704, 824005, 1008673, 1043895"
624,"12810472, 823704, 824005, 1133018, 981760"
630,"1035321, 823704, 824005, 862349, 6034857"
631,"1015751, 823704, 824005, 995242, 979707"
632,"9655676, 823704, 824005, 1029743, 962568"
633,"1072438, 823704, 824005, 1075368, 8090537"
636,"6919087, 823704, 824005, 995242, 899624"
637,"1013928, 823704, 824005, 1106523, 981760"
638,"9419528, 823704, 824005, 1029743, 979707"
640,"12987861, 823704, 824005, 986787, 13115849"
641,"13213240, 823704, 825541, 981760, 962568"
643,"5579988, 823704, 824005, 1029743, 923746"
644,"6979241, 823704, 824005, 995242, 979707"
647,"835819, 823704, 824005, 1029743, 962568"
648,"17105007, 823704, 824005, 923746, 979707"
650,"1085346, 823704, 824005, 1456986, 1529362"
652,"995151, 823704, 824005, 995242, 883202"
653,"839326, 823704, 824005, 1102959, 1004555"
654,"1034176, 823704, 824005, 995242, 914190"
655,"6533765, 823704, 824005, 951590, 12946027"
658,"12732726, 823704, 824005, 1044078, 1038217"
660,"15596089, 823704, 824005, 914190, 916122"
661,"12731432, 823704, 824005, 5569230, 995242"
662,"5566678, 823704, 824005, 1070272, 965766"
663,"908088, 824005, 825541, 899624, 908531"
665,"1076179, 823704, 824005, 1071171, 847529"
666,"1162368, 823704, 824005, 1133018, 844179"
667,"12729530, 824005, 825541, 1029743, 914190"
668,"1014375, 823704, 824005, 873654, 1042942"
669,"1109605, 823704, 824005, 1126899, 866211"
670,"1065538, 823704, 824005, 1029743, 981760"
671,"834249, 823704, 824005, 1029743, 951590"
672,"7167342, 823704, 824005, 995242, 962568"
673,"956400, 823704, 824005, 1106523, 844165"
674,"9935270, 823704, 824005, 1029743, 866211"
675,"6533765, 823704, 824005, 1106523, 981760"
676,"1038663, 823704, 824005, 1106523, 981760"
680,"2017085, 823704, 824005, 995242, 1005186"
681,"8198074, 823704, 824005, 1029743, 859075"
684,"15972988, 823704, 824005, 880284, 1035386"
685,"1075520, 823704, 824005, 844179, 979707"
687,"6391251, 823704, 824005, 995242, 5569230"
690,"848029, 823704, 824005, 844179, 1101010"
691,"1016314, 823704, 824005, 1029743, 981760"
692,"12810464, 823704, 824005, 6034857, 1051516"
693,"948670, 823704, 824005, 1029743, 979707"
694,"12757681, 823704, 824005, 951590, 844165"
695,"950463, 823704, 824005, 1029743, 981760"
696,"1035321, 823704, 824005, 923746, 1126899"
697,"10456405, 823704, 824005, 1068719, 896369"
698,"1054402, 823704, 824005, 995242, 1053690"
699,"12384565, 823704, 824005, 923746, 899624"
700,"1069863, 823704, 824005, 1106523, 1056509"
701,"6602270, 823704, 824005, 1029743, 981760"
702,"12731432, 823704, 824005, 1133018, 859075"
703,"6533765, 823704, 824005, 995242, 981760"
705,"937080, 823704, 824005, 1070820, 860975"
706,"829291, 823704, 824005, 995242, 859075"
707,"904628, 823704, 824005, 1029743, 923746"
708,"15927266, 823704, 824005, 995242, 923746"
709,"863762, 823704, 824005, 995242, 981760"
710,"1118623, 823704, 824005, 981760, 1068719"
711,"13115517, 823704, 824005, 866211, 6533581"
712,"12731685, 823704, 824005, 981760, 1070820"
713,"979468, 823704, 824005, 995242, 5569230"
714,"15973012, 824005, 825541, 1133018, 859075"
715,"13007844, 823704, 824005, 1029743, 981760"
716,"12729545, 823704, 824005, 1058997, 961554"
717,"7152889, 823704, 824005, 1005186, 1102949"
718,"917384, 823704, 824005, 995242, 844179"
719,"840970, 823704, 824005, 1106523, 1053690"
720,"1115069, 823704, 824005, 1081177, 909714"
721,"6703752, 823704, 824005, 1074754, 1116297"
722,"6979321, 823704, 824005, 981760, 1106523"
723,"1031468, 823704, 824005, 862349, 844179"
725,"13381050, 823704, 824005, 899624, 1133018"
726,"13911068, 823704, 824005, 916122, 961554"
727,"1129656, 823704, 824005, 707611, 706397"
728,"904997, 823704, 824005, 995242, 844165"
729,"1216895, 823704, 824005, 13424340, 1846166"
730,"6979253, 823704, 824005, 1053690, 1058997"
731,"849202, 823704, 824005, 914190, 1107553"
733,"15927858, 823704, 824005, 5569471, 964521"
734,"847803, 823704, 824005, 981760, 961554"
735,"12172184, 823704, 824005, 1029743, 923746"
736,"904997, 823704, 824005, 1029743, 981760"
740,"12582029, 823704, 824005, 981760, 866211"
741,"12731685, 823704, 824005, 1022254, 845208"
742,"10311616, 823704, 824005, 17249155, 825541"
743,"5591777, 823704, 824005, 923746, 962185"
744,"848029, 823704, 824005, 962568, 961554"
745,"906335, 823704, 824005, 962568, 1022254"
747,"997589, 823704, 824005, 1019247, 928584"
748,"829291, 823704, 824005, 908531, 1133018"
749,"13158069, 823704, 824005, 1028695, 825541"
750,"9884070, 823704, 824005, 1106523, 844165"
752,"830608, 823704, 824005, 866211, 986912"
753,"13876775, 823704, 824005, 862349, 976199"
754,"9552834, 823704, 824005, 1036347, 1055504"
755,"1069580, 823704, 824005, 5568320, 845193"
757,"933354, 823704, 824005, 923746, 1133018"
759,"6703856, 823704, 824005, 940766, 907099"
761,"871563, 823704, 825541, 995242, 923746"
762,"9837365, 823704, 824005, 986912, 1058997"
764,"848029, 823704, 824005, 995242, 923746"
766,"12172071, 823704, 824005, 961554, 923746"
767,"970747, 823704, 824005, 979707, 961554"
768,"1107420, 823704, 824005, 995242, 899624"
769,"986499, 823704, 824005, 1068719, 979707"
770,"6391119, 823704, 824005, 995242, 5569230"
771,"930283, 823704, 824005, 914190, 1004906"
773,"9446243, 823704, 824005, 5569471, 909714"
776,"896777, 823704, 824005, 1029743, 916381"
777,"1192042, 823704, 824005, 1029743, 916122"
779,"13416117, 823704, 824005, 962568, 916122"
781,"836445, 823704, 824005, 914190, 925862"
784,"860248, 823704, 824005, 979707, 914190"
786,"878715, 823704, 824005, 981760, 1029743"
787,"10457488, 823704, 824005, 862349, 999104"
788,"6533765, 823704, 824005, 923746, 995242"
789,"9704174, 823704, 824005, 962568, 983584"
790,"15717150, 823704, 824005, 6704207, 6552254"
794,"1092964, 823704, 824005, 1077555, 1101010"
795,"5592437, 823704, 824005, 1029743, 899624"
796,"12696051, 823704, 824005, 993638, 1195889"
798,"1095557, 823704, 824005, 923746, 859075"
799,"1035321, 823704, 824005, 923746, 1058997"
800,"12731543, 823704, 824005, 995242, 981760"
801,"906335, 824005, 825541, 981760, 914190"
802,"8019280, 823704, 824005, 1048462, 1016276"
803,"820447, 823704, 825541, 995242, 844179"
804,"9837349, 823704, 824005, 1133018, 844165"
805,"1038663, 823704, 824005, 1029743, 981760"
806,"826666, 823704, 824005, 1029743, 866211"
807,"926391, 823704, 824005, 908531, 5568378"
808,"12987924, 823704, 825541, 1029743, 844165"
810,"1100086, 823704, 824005, 1028816, 1125278"
811,"9858706, 823704, 824005, 1061971, 838867"
813,"6391152, 823704, 824005, 866211, 15831255"
814,"1000753, 823704, 824005, 899624, 1044078"
816,"12807077, 823704, 824005, 981760, 862349"
817,"883819, 823704, 824005, 1070820, 845208"
818,"5592457, 823704, 824005, 1131506, 1010185"
820,"973016, 823704, 824005, 987562, 8090521"
822,"13115230, 823704, 824005, 995242, 981760"
823,"1008736, 823704, 824005, 1106523, 899624"
824,"12352400, 823704, 824005, 1106523, 981760"
825,"15452647, 823704, 824005, 979707, 1058997"
826,"10149730, 823704, 824005, 951590, 1037840"
829,"12456006, 823704, 824005, 995242, 866211"
830,"865864, 823704, 824005, 1026118, 1039156"
831,"1002787, 823704, 824005, 995242, 951590"
836,"1118963, 823704, 824005, 869150, 851287"
837,"1086491, 823704, 824005, 901062, 843756"
840,"1032967, 823704, 824005, 1029743, 981760"
841,"12812261, 823704, 824005, 1133018, 908531"
842,"977414, 823704, 824005, 995242, 923746"
844,"13003101, 823704, 824005, 923746, 862349"
845,"648042, 823704, 824005, 951590, 8090537"
846,"879734, 823704, 824005, 1133018, 10149640"
847,"9395310, 823704, 824005, 1058997, 878996"
848,"826666, 823704, 824005, 1070820, 1044078"
850,"12731432, 824005, 825541, 1133018, 899624"
852,"1132084, 823704, 824005, 1058997, 962568"
853,"12301639, 823704, 824005, 951412, 874149"
854,"13007022, 823704, 824005, 1129945, 9419648"
855,"12172363, 823704, 824005, 1029743, 6034857"
856,"5978156, 823704, 824005, 995242, 1022254"
857,"982587, 823704, 824005, 951590, 5569230"
858,"849202, 823704, 824005, 1084694, 13382461"
859,"874972, 823704, 824005, 995242, 5569230"
861,"6534328, 823704, 824005, 899624, 916122"
862,"1038663, 823704, 824005, 1103629, 1053282"
863,"1035539, 823704, 824005, 981760, 933835"
864,"874972, 823704, 824005, 1029743, 981760"
865,"947858, 823704, 824005, 1106523, 899624"
866,"883819, 823704, 824005, 899624, 1133018"
867,"848798, 823704, 824005, 995242, 983584"
868,"6703768, 823704, 824005, 5569230, 15831255"
869,"9837100, 823704, 824005, 1029743, 981760"
871,"9677366, 823704, 824005, 979707, 903325"
875,"17179769, 823704, 824005, 995242, 908531"
876,"7463018, 823704, 824005, 1058997, 833025"
877,"1085392, 823704, 824005, 981760, 961554"
878,"829291, 823704, 824005, 1133018, 1068719"
879,"1058092, 823704, 824005, 8090536, 832678"
880,"1055188, 823704, 824005, 951590, 859075"
881,"12605409, 823704, 824005, 1029743, 5592931"
882,"12487235, 823704, 824005, 1106523, 1044078"
883,"9858739, 823704, 824005, 1022254, 1029743"
884,"9296862, 823704, 824005, 979707, 1096036"
885,"10198378, 823704, 824005, 1106523, 923746"
886,"846014, 823704, 824005, 1070820, 1039156"
887,"9655422, 823704, 824005, 1005186, 987562"
888,"1079913, 823704, 824005, 916122, 1029743"
889,"5592161, 823704, 824005, 1126899, 859075"
891,"1032967, 823704, 824005, 1133018, 979707"
893,"16053266, 823704, 824005, 981760, 1093113"
894,"1070815, 823704, 824005, 914190, 845208"
895,"6533765, 823704, 824005, 866211, 999104"
897,"1082955, 823704, 824005, 986912, 948384"
898,"868206, 823704, 825541, 1057260, 1028816"
900,"14025498, 823704, 824005, 1133018, 1068719"
903,"16122430, 823704, 824005, 1126899, 970030"
904,"9296778, 823704, 824005, 1106523, 845193"
906,"12425282, 823704, 824005, 10121965, 977545"
907,"6395940, 824005, 825541, 923746, 859075"
908,"1110111, 823704, 824005, 1126899, 1057260"
909,"933354, 823704, 824005, 1029743, 914190"
911,"1111035, 823704, 824005, 981760, 6034857"
913,"917767, 823704, 824005, 981760, 1070820"
914,"6979192, 823704, 824005, 1107553, 964254"
915,"12604706, 823704, 824005, 1057260, 961554"
916,"566175, 823704, 824005, 833025, 913210"
919,"930283, 823704, 824005, 961554, 1081177"
920,"12781982, 823704, 824005, 1106523, 1092026"
922,"1117541, 823704, 824005, 1058997, 979707"
924,"874071, 823704, 824005, 995242, 951590"
926,"9552826, 823704, 824005, 903325, 1058997"
927,"1016718, 823704, 824005, 923746, 1058997"
928,"6772808, 823704, 824005, 1118033, 1119051"
929,"5591614, 823704, 824005, 1092026, 1044078"
930,"17249610, 823704, 824005, 917033, 825541"
931,"1079913, 823704, 824005, 1029743, 951590"
934,"1121011, 824005, 825541, 914190, 995242"
935,"907335, 823704, 824005, 861973, 951593"
936,"859727, 823704, 824005, 995242, 908531"
937,"12352353, 823704, 824005, 1126899, 961554"
939,"16035203, 823704, 824005, 1029743, 1092026"
940,"10149183, 823704, 824005, 995242, 962568"
941,"1066488, 823704, 824005, 916122, 901062"
943,"15684145, 823704, 824005, 1106523, 13381584"
944,"13876559, 824005, 825541, 1106523, 914190"
946,"15830669, 823704, 824005, 1133018, 923746"
947,"1013259, 823704, 824005, 1081177, 1039156"
949,"833940, 823704, 824005, 1029743, 962568"
951,"15830671, 823704, 825541, 1029743, 940766"
952,"930283, 823704, 824005, 995242, 1068719"
953,"916588, 823704, 824005, 1092026, 1101173"
954,"925992, 823704, 824005, 15964452, 1496715"
955,"848885, 823704, 824005, 896369, 860703"
956,"1057749, 823704, 824005, 923746, 1029743"
957,"918028, 823704, 824005, 844165, 965766"
959,"3882469, 823704, 824005, 1029272, 12812474"
960,"867447, 823704, 824005, 862349, 1036347"
961,"1005991, 823704, 824005, 1029743, 1005186"
964,"917384, 823704, 824005, 1106523, 916122"
965,"939431, 823704, 824005, 1029743, 871756"
967,"908314, 823704, 824005, 820291, 15964293"
968,"5575597, 823704, 824005, 1029743, 859075"
969,"13094810, 823704, 824005, 1029743, 981760"
971,"906844, 823704, 824005, 1075368, 5568378"
972,"6533765, 823704, 824005, 862349, 832678"
973,"12262830, 823704, 824005, 878996, 995816"
975,"959737, 823704, 824005, 916122, 5569471"
976,"826666, 823704, 824005, 914190, 933835"
978,"857538, 823704, 824005, 951590, 854852"
979,"1000753, 823704, 824005, 995242, 899624"
981,"948670, 823704, 824005, 995242, 951590"
982,"6533765, 823704, 824005, 951590, 995242"
983,"15831035, 823704, 825541, 1068719, 951590"
984,"8203203, 823704, 824005, 1002558, 1025641"
985,"1035321, 823704, 824005, 1029743, 908531"
986,"6424091, 823704, 824005, 995242, 1065593"
987,"12810464, 823704, 824005, 7139529, 825541"
988,"12351984, 823704, 824005, 1096036, 852182"
989,"961663, 823704, 824005, 1029743, 999714"
991,"865543, 823704, 824005, 882305, 962820"
992,"6533765, 823704, 824005, 909714, 1005186"
993,"9884081, 823704, 824005, 995242, 979707"
996,"874972, 823704, 824005, 1029743, 914190"
997,"926823, 823704, 824005, 916122, 10284865"
998,"6533765, 823704, 824005, 995242, 1044078"
999,"17209759, 823704, 824005, 1029743, 999779"
1000,"1528277, 823704, 824005, 995242, 986912"
1001,"1083583, 823704, 824005, 986912, 12301109"
1003,"1119993, 823704, 824005, 1118033, 929363"
1004,"849202, 823704, 824005, 995242, 866211"
1005,"1038448, 823704, 824005, 995242, 979707"
1007,"1040915, 823704, 824005, 12324841, 1115098"
1008,"860247, 823704, 824005, 957374, 825541"
1010,"15863719, 823704, 824005, 1091365, 9527323"
1011,"6919128, 823704, 824005, 1058997, 965766"
1012,"5573772, 823704, 824005, 1070820, 1096036"
1014,"15571296, 823704, 824005, 6534077, 825541"
1015,"8203757, 823704, 824005, 862349, 1056509"
1018,"938370, 823704, 824005, 1070820, 922561"
1019,"897273, 823704, 824005, 1106523, 844165"
1020,"8203686, 823704, 824005, 1070820, 899624"
1021,"1110111, 823704, 824005, 1110572, 13417853"
1023,"1000493, 823704, 824005, 15972565, 878996"
1024,"12262830, 823704, 824005, 1106523, 914190"
1025,"906335, 823704, 824005, 1106523, 5568378"
1027,"921815, 823704, 824005, 1101010, 1132771"
1029,"1048257, 823704, 824005, 1126899, 6034857"
1030,"5585068, 823704, 824005, 923746, 986912"
1034,"1088979, 823704, 824005, 981760, 1126899"
1038,"9880532, 823704, 824005, 1106523, 5568197"
1039,"846466, 823704, 824005, 1029743, 5568378"
1040,"13040356, 823704, 824005, 1075368, 13115501"
1041,"981476, 823704, 824005, 1029743, 15972298"
1042,"948670, 823704, 824005, 995242, 859075"
1043,"10284982, 823704, 824005, 1967734, 2008406"
1045,"1124743, 823704, 824005, 995242, 951590"
1046,"8293560, 823704, 824005, 1011920, 823862"
1047,"13115793, 823704, 824005, 1096014, 938768"
1050,"1028290, 823704, 824005, 1106523, 923746"
1051,"1108288, 823704, 824005, 1029743, 981760"
1053,"846014, 823704, 824005, 962568, 914190"
1057,"12172145, 823704, 824005, 1022254, 1039156"
1058,"930283, 823704, 824005, 1005186, 1101010"
1061,"6533765, 823704, 824005, 1106523, 923746"
1062,"930877, 823704, 824005, 12302069, 1127624"
1064,"13133590, 823704, 824005, 962568, 914190"
1066,"933354, 823704, 824005, 995242, 981760"
1067,"848029, 823704, 824005, 1029743, 981760"
1068,"9835223, 823704, 824005, 1106523, 899624"
1069,"9835223, 823704, 824005, 1029743, 923746"
1070,"1021461, 823704, 824005, 1074524, 873627"
1071,"948253, 823704, 824005, 1133018, 1085604"
1073,"974733, 823704, 824005, 995242, 979707"
1074,"874972, 823704, 824005, 962568, 995242"
1075,"6534183, 823704, 824005, 995242, 5568378"
1076,"984680, 823704, 824005, 951197, 1135681"
1077,"15775807, 823704, 824005, 995242, 951590"
1078,"865233, 823704, 824005, 1133018, 901062"
1080,"835893, 823704, 824005, 1029743, 1053690"
1081,"8358621, 823704, 824005, 981760, 916122"
1082,"828946, 823704, 824005, 1133018, 5568378"
1083,"12988034, 823704, 824005, 942525, 839419"
1084,"8203751, 823704, 824005, 951590, 13115375"
1085,"938138, 823704, 824005, 1029743, 866211"
1086,"15740998, 823704, 824005, 923746, 962229"
1087,"1648257, 823704, 824005, 1106523, 962229"
1088,"896994, 823704, 824005, 1068719, 12301073"
1089,"1029688, 823704, 824005, 1029743, 962568"
1090,"975678, 823704, 824005, 1018050, 1051516"
1091,"9884842, 823704, 824005, 899624, 1076199"
1092,"13907721, 823704, 824005, 859075, 908531"
1093,"9487592, 824005, 825541, 995242, 899624"
1094,"1042715, 824005, 825541, 1029743, 981760"
1096,"9798997, 823704, 824005, 999250, 825541"
1097,"917384, 823704, 824005, 923746, 5568378"
1098,"991205, 823704, 824005, 995242, 908531"
1100,"982941, 823704, 824005, 951590, 12517411"
1102,"869077, 823704, 824005, 923746, 1096036"
1103,"15831435, 823704, 824005, 1126899, 919596"
1104,"10457065, 823704, 824005, 1115576, 955858"
1105,"974281, 823704, 824005, 5569230, 1058997"
1106,"13382447, 823704, 824005, 995242, 5568378"
1108,"2045831, 823704, 824005, 833025, 1077555"
1109,"12673298, 823704, 824005, 981760, 1065593"
1110,"1775642, 823704, 824005, 1860071, 1941381"
1111,"1009386, 823704, 824005, 1106523, 1004906"
1112,"9859231, 823704, 824005, 1075214, 5569471"
1113,"12810369, 823704, 824005, 961554, 903325"
1114,"12326405, 823704, 824005, 870547, 8090521"
1115,"12605970, 823704, 824005, 5569471, 1104195"
1117,"891659, 823704, 824005, 1029743, 923746"
1119,"12781341, 823704, 824005, 916122, 854852"
1120,"1117444, 823704, 824005, 1017195, 13115897"
1121,"1117066, 823704, 824005, 995242, 914190"
1123,"1038202, 823704, 824005, 981760, 1058997"
1124,"9446315, 823704, 824005, 916122, 8090537"
1127,"958154, 823704, 824005, 15926844, 825541"
1128,"6533765, 823704, 824005, 962229, 1075214"
1129,"988058, 823704, 824005, 916122, 970030"
1130,"836445, 823704, 824005, 923746, 859075"
1131,"964717, 823704, 824005, 1096036, 870547"
1132,"836445, 823704, 824005, 981760, 1133018"
1133,"9245169, 823704, 824005, 982393, 1074271"
1134,"12525270, 823704, 824005, 1106523, 981760"
1135,"1012713, 823704, 824005, 995242, 1096036"
1136,"8020160, 823704, 824005, 1133018, 1044078"
1137,"924667, 823704, 824005, 995242, 1023958"
1138,"928039, 823704, 824005, 1068719, 13382327"
1139,"942077, 823704, 824005, 862349, 856345"
1141,"1014253, 823704, 824005, 995242, 1044078"
1142,"878715, 823704, 824005, 995242, 981760"
1145,"1038663, 823704, 824005, 1133018, 899624"
1146,"6533765, 823704, 825541, 1106523, 981760"
1147,"927060, 823704, 824005, 1106523, 962229"
1149,"17179859, 823704, 824005, 1135681, 898572"
1151,"1021225, 823704, 824005, 923746, 914190"
1152,"1110111, 823704, 824005, 951590, 866211"
1154,"5568800, 823704, 824005, 1106523, 1053690"
1155,"848029, 823704, 825541, 1029743, 899624"
1157,"1392692, 823704, 824005, 1119841, 13986272"
1158,"968702, 823704, 824005, 1133018, 979707"
1159,"13115915, 823704, 824005, 1107553, 8090532"
1160,"998879, 823704, 824005, 1133018, 1068719"
1161,"16124134, 823704, 824005, 879755, 12524016"
1163,"13505844, 823704, 824005, 995242, 866211"
1164,"1112592, 823704, 824005, 1070820, 13654702"
1166,"5566800, 823704, 824005, 995242, 899624"
1167,"6979415, 823704, 824005, 1070820, 866211"
1168,"15483482, 823704, 824005, 995242, 908531"
1169,"12810464, 823704, 824005, 859075, 883003"
1171,"15683407, 823704, 824005, 1029743, 981760"
1172,"5585068, 823704, 824005, 1029743, 923746"
1174,"15971810, 823704, 824005, 825541, 832678"
1175,"15972463, 823704, 824005, 907099, 1098844"
1176,"1020163, 823704, 824005, 995242, 1068719"
1178,"950463, 823704, 824005, 995242, 962568"
1179,"9831469, 823704, 824005, 995242, 961554"
1180,"6533765, 823704, 824005, 1029743, 923746"
1182,"998632, 823704, 824005, 1029743, 1068719"
1183,"17249638, 823704, 824005, 908531, 961554"
1185,"843585, 823704, 824005, 1043590, 5568378"
1186,"13416117, 823704, 825541, 1126899, 1018050"
1187,"7155012, 823704, 824005, 965766, 1005186"
1188,"864893, 823704, 824005, 1106523, 923746"
1189,"2648323, 823704, 824005, 1055504, 821083"
1190,"928263, 823704, 824005, 1029743, 914190"
1191,"15972905, 823704, 824005, 995242, 981760"
1192,"959361, 823704, 825541, 995242, 1026118"
1193,"962140, 823704, 824005, 909714, 8090537"
1194,"1000753, 823704, 824005, 1106523, 981760"
1195,"17249072, 823704, 824005, 995242, 951590"
1196,"822431, 823704, 824005, 873627, 944466"
1197,"899019, 823704, 824005, 1029743, 951590"
1198,"1074928, 823704, 824005, 915064, 1105623"
1201,"8014802, 823704, 824005, 1096958, 1031740"
1202,"1028742, 823704, 824005, 1020682, 5567148"
1203,"5995129, 823704, 824005, 1106523, 951590"
1204,"16219263, 823704, 824005, 962229, 987562"
1205,"827815, 823704, 824005, 995242, 1053690"
1206,"1088910, 823704, 824005, 995242, 981760"
1207,"6602654, 823704, 824005, 995242, 8090537"
1209,"848744, 823704, 824005, 15452631, 1033403"
1210,"13115751, 823704, 824005, 995242, 1026118"
1211,"1021164, 823704, 824005, 981760, 866211"
1214,"868741, 823704, 824005, 942045, 12693843"
1216,"8204353, 823704, 824005, 1065593, 999625"
1217,"828137, 823704, 824005, 1068719, 908531"
1218,"9704683, 823704, 824005, 1070820, 844165"
1219,"33177, 823704, 824005, 1133018, 1044078"
1221,"948670, 823704, 824005, 1029743, 1110572"
1222,"17209483, 823704, 824005, 5569230, 1005186"
1223,"1082627, 823704, 824005, 1029743, 8090537"
1224,"13511637, 823704, 824005, 951590, 1043590"
1225,"943223, 823704, 824005, 1029743, 5568378"
1226,"982291, 823704, 824005, 961554, 916122"
1227,"948670, 823704, 824005, 5569230, 1104343"
1228,"870452, 823704, 824005, 1022254, 961554"
1229,"956599, 823704, 824005, 962568, 1070820"
1230,"1020115, 823704, 824005, 893501, 969231"
1231,"13073055, 823704, 824005, 995242, 10149640"
1234,"933354, 823704, 824005, 995242, 923746"
1236,"14050625, 823704, 824005, 1052214, 825541"
1238,"16766898, 823704, 824005, 995242, 914190"
1240,"860248, 823704, 832678, 6034857, 1116821"
1241,"12731432, 823704, 824005, 1029743, 981760"
1242,"6424122, 823704, 824005, 962568, 5591083"
1245,"848659, 823704, 824005, 981760, 1037840"
1246,"879734, 823704, 824005, 13115637, 1064380"
1247,"13876458, 824005, 825541, 981760, 1029743"
1248,"1125837, 823704, 824005, 1106523, 951590"
1249,"6904858, 823704, 824005, 1106523, 972931"
1252,"6602654, 823704, 824005, 843756, 1025641"
1255,"945756, 823704, 824005, 5580793, 12525019"
1256,"13094913, 823704, 824005, 1137688, 1116821"
1257,"15972361, 823704, 825541, 1058997, 961554"
1258,"13072779, 823704, 824005, 883932, 1101174"
1259,"12487527, 823704, 824005, 1058997, 917816"
1260,"1067748, 823704, 824005, 1058997, 1102949"
1261,"13115301, 823704, 824005, 860975, 870843"
1262,"915777, 823704, 824005, 1029743, 899624"
1263,"9527424, 823704, 824005, 882305, 1011298"
1264,"1038703, 823704, 824005, 1014388, 15573558"
1265,"9526228, 823704, 824005, 995242, 860975"
1266,"836445, 823704, 824005, 1076875, 973916"
1267,"12262830, 823704, 824005, 862349, 961554"
1269,"835861, 823704, 824005, 960984, 988693"
1270,"1000753, 823704, 824005, 1106523, 1026118"
1271,"12301117, 823704, 824005, 995242, 845208"
1272,"1035321, 823704, 824005, 995242, 979707"
1274,"1091342, 823704, 824005, 951590, 1070820"
1277,"12459144, 823704, 824005, 1106523, 923746"
1278,"820320, 823704, 824005, 932298, 937845"
1279,"13007904, 823704, 824005, 1106523, 951590"
1280,"1092711, 823704, 824005, 1058997, 7442180"
1281,"16097609, 823704, 824005, 872137, 913785"
1282,"975678, 823704, 824005, 981760, 1043590"
1283,"7100967, 823704, 824005, 965766, 1081177"
1284,"1034176, 823704, 824005, 951590, 899624"
1285,"955259, 823704, 824005, 1106523, 916122"
1287,"1558602, 823704, 824005, 1133018, 5568378"
1288,"1058754, 823704, 824005, 923746, 862349"
1289,"873844, 823704, 824005, 1085604, 1042438"
1290,"9522210, 823704, 824005, 981760, 1053690"
1291,"985353, 823704, 824005, 897306, 1133312"
1293,"15452905, 823704, 824005, 1044078, 1004906"
1294,"879734, 823704, 824005, 962568, 1126899"
1295,"911778, 823704, 824005, 825541, 832678"
1296,"572328, 823704, 824005, 995242, 951590"
1297,"17104074, 823704, 824005, 1058997, 854852"
1298,"15717288, 823704, 824005, 995242, 923746"
1299,"848029, 823704, 824005, 5569230, 842140"
1300,"1118235, 823704, 824005, 995242, 923746"
1303,"906844, 823704, 824005, 1029743, 961554"
1304,"1020486, 823704, 824005, 15926725, 931324"
1305,"1103808, 823704, 824005, 1092026, 1106523"
1306,"1072438, 823704, 824005, 1068719, 995242"
1307,"843896, 823704, 824005, 5569230, 1110572"
1310,"10456761, 823704, 824005, 1058997, 6034857"
1312,"937358, 823704, 824005, 854852, 16100266"
1313,"920091, 823704, 824005, 1029743, 1048462"
1314,"6533765, 823704, 824005, 1029743, 976199"
1316,"9704731, 823704, 824005, 1085604, 15506691"
1317,"959163, 823704, 824005, 1053690, 1138292"
1318,"932220, 823704, 824005, 1051211, 1027168"
1319,"998879, 823704, 824005, 995242, 979707"
1321,"947858, 823704, 824005, 1106523, 923746"
1325,"1138423, 823704, 824005, 961554, 833025"
1326,"6533765, 823704, 824005, 1029743, 899624"
1328,"836445, 823704, 824005, 1029743, 981760"
1329,"983683, 823704, 824005, 995242, 16766191"
1330,"5568800, 823704, 824005, 914190, 1133018"
1331,"6396588, 823704, 824005, 1031316, 1026891"
1332,"12385543, 823704, 824005, 1110572, 1063207"
1333,"948670, 823704, 824005, 1126899, 912704"
1334,"1038663, 823704, 824005, 866211, 916381"
1335,"1063754, 823704, 824005, 862349, 1042571"
1336,"858730, 823704, 824005, 995242, 981760"
1337,"945756, 823704, 825541, 1029743, 923746"
1338,"874972, 823704, 824005, 1106523, 1085604"
1340,"1068934, 823704, 824005, 948650, 834117"
1342,"912508, 823704, 824005, 949294, 852080"
1343,"1139216, 823704, 824005, 1005186, 896613"
1344,"1008288, 823704, 824005, 995242, 1042697"
1346,"1125482, 823704, 824005, 890610, 687292"
1347,"849202, 823704, 824005, 1029743, 1065593"
1350,"12731432, 823704, 824005, 1077588, 940023"
1351,"6442767, 823704, 824005, 923746, 1133018"
1352,"6554115, 823704, 824005, 862349, 900802"
1353,"12262830, 825541, 832678, 995242, 1092026"
1354,"873085, 823704, 824005, 995242, 1005186"
1355,"12262778, 823704, 824005, 1068719, 1043590"
1356,"1071976, 823704, 824005, 981760, 962568"
1357,"13914739, 823704, 824005, 860975, 825541"
1358,"860124, 823704, 824005, 1029743, 844165"
1359,"1074293, 823704, 824005, 995242, 979707"
1360,"5573124, 823704, 824005, 1101010, 1010259"
1361,"1043289, 823704, 824005, 1022428, 867668"
1362,"13014303, 823704, 824005, 1024306, 7169088"
1363,"984996, 823704, 824005, 866211, 981760"
1364,"13094891, 823704, 824005, 1029743, 951590"
1366,"5566800, 823704, 824005, 1126899, 1065593"
1367,"970866, 823704, 824005, 914190, 1070820"
1368,"1069312, 823704, 824005, 1070820, 916122"
1369,"12731432, 823704, 824005, 981760, 1126899"
1370,"1000753, 823704, 824005, 1106523, 899624"
1373,"12781924, 823704, 824005, 12781606, 13095529"
1374,"974156, 823704, 824005, 1133018, 951590"
1375,"15716636, 823704, 824005, 899624, 1070820"
1376,"848029, 823704, 824005, 995242, 962568"
1378,"6552318, 823704, 824005, 916122, 5585510"
1379,"961730, 823704, 824005, 1029743, 981760"
1380,"15927266, 823704, 824005, 1000148, 1115553"
1381,"12428099, 823704, 824005, 1133018, 828557"
1382,"13876757, 823704, 824005, 899624, 1052912"
1383,"5590965, 823704, 824005, 962568, 979707"
1384,"923930, 823704, 824005, 923746, 1133018"
1385,"899019, 823704, 824005, 1029743, 1037863"
1387,"1027480, 823704, 824005, 844165, 7025106"
1388,"822583, 823704, 824005, 1068719, 916381"
1389,"978614, 823704, 824005, 981760, 866211"
1390,"909497, 823704, 824005, 1029743, 5569230"
1391,"848029, 823704, 825541, 1004906, 961554"
1393,"950638, 823704, 824005, 1119051, 1051516"
1394,"13876775, 823704, 824005, 981760, 979707"
1395,"7024806, 823704, 824005, 1058997, 1048462"
1397,"1165468, 823704, 824005, 1106523, 1068719"
1398,"7167356, 823704, 824005, 1068719, 12810393"
1399,"15507165, 823704, 824005, 15452821, 5568072"
1401,"904048, 823704, 824005, 10149640, 5592931"
1402,"15483133, 823704, 824005, 1106523, 825541"
1403,"982247, 823704, 824005, 951590, 5569230"
1405,"1069506, 823704, 824005, 995242, 981760"
1406,"15972361, 823704, 824005, 1044805, 1119051"
1408,"902077, 823704, 824005, 10149265, 825541"
1409,"1021324, 823704, 824005, 1133018, 908531"
1410,"1096005, 823704, 824005, 871756, 15926844"
1412,"1058754, 823704, 824005, 1029743, 979707"
1413,"5588843, 823704, 824005, 870547, 9187298"
1414,"1118235, 823704, 824005, 1081853, 921744"
1417,"10198378, 823704, 824005, 1133018, 908531"
1418,"12673298, 823704, 824005, 866211, 951412"
1419,"9835223, 823704, 824005, 1133018, 833025"
1421,"885956, 823704, 824005, 1029743, 981760"
1423,"8358471, 823704, 824005, 5981267, 927080"
1425,"1117723, 823704, 824005, 995242, 951590"
1426,"956599, 823704, 824005, 995242, 844165"
1427,"1055137, 823704, 824005, 995242, 923746"
1428,"7410347, 823704, 824005, 961554, 844165"
1429,"927491, 823704, 824005, 1058997, 906763"
1430,"906844, 825541, 832678, 981760, 1004906"
1431,"874112, 823704, 824005, 1053690, 5569230"
1434,"860248, 823704, 824005, 995242, 854852"
1437,"12810464, 823704, 824005, 995242, 914190"
1440,"1000753, 823704, 824005, 1106523, 5568378"
1443,"906844, 823704, 824005, 833025, 842140"
1445,"921438, 823704, 824005, 833025, 1068719"
1447,"10455997, 823704, 824005, 1029743, 1068719"
1450,"12425387, 823704, 824005, 1002558, 1049788"
1451,"6602174, 823704, 824005, 1029743, 1044078"
1452,"1013928, 823704, 824005, 1058779, 1007136"
1453,"13003101, 823704, 825541, 1110572, 979707"
1454,"6961390, 823704, 824005, 1029743, 979707"
1457,"14106545, 823704, 824005, 1133018, 1044078"
1458,"5565425, 823704, 824005, 5568378, 976199"
1459,"824157, 823704, 824005, 936355, 830887"
1461,"9861901, 823704, 824005, 1029743, 965766"
1462,"9677005, 823704, 824005, 995242, 951412"
1463,"1038732, 823704, 824005, 5569230, 986912"
1464,"938138, 823704, 824005, 914190, 1133018"
1465,"9220467, 823704, 824005, 989157, 9859182"
1466,"9837332, 823704, 824005, 827180, 825541"
1467,"12781954, 823704, 824005, 1085604, 986912"
1470,"13654030, 823704, 824005, 995242, 844179"
1471,"1042684, 823704, 824005, 908531, 862349"
1473,"954790, 823704, 824005, 1126899, 866211"
1474,"874972, 823704, 824005, 1053690, 1133018"
1475,"1048257, 823704, 824005, 903325, 981760"
1476,"9677366, 823704, 824005, 995242, 15972298"
1479,"6633031, 823704, 824005, 1029743, 879755"
1480,"8091546, 823704, 824005, 1010112, 825541"
1481,"6533765, 823704, 824005, 995242, 981760"
1483,"12262778, 823704, 824005, 916122, 1044078"
1484,"912987, 823704, 824005, 1058997, 962568"
1485,"1038663, 823704, 824005, 1106523, 921744"
1487,"12605495, 823704, 824005, 5569230, 1065593"
1488,"979674, 823704, 824005, 1029743, 923746"
1489,"849202, 823704, 824005, 995242, 981760"
1490,"12262778, 823704, 824005, 995242, 981760"
1491,"942565, 823704, 824005, 951590, 1029743"
1492,"8293691, 823704, 824005, 1029743, 1106301"
1493,"826188, 823704, 824005, 908531, 825541"
1494,"1094030, 823704, 824005, 995242, 882305"
1495,"831407, 823704, 824005, 1065593, 854852"
1499,"12810464, 823704, 824005, 908318, 14106445"
1500,"960436, 823704, 824005, 859075, 862349"
1501,"903554, 823704, 824005, 1070820, 961554"
1502,"13416742, 823704, 824005, 979707, 908531"
1506,"1000753, 823704, 824005, 1106523, 979707"
1507,"959359, 823704, 824005, 1106523, 879755"
1508,"6919297, 823704, 824005, 1058997, 909894"
1509,"15971850, 823704, 824005, 1029743, 981760"
1510,"6533765, 823704, 824005, 962568, 1133018"
1511,"13418021, 823704, 824005, 5569471, 1042438"
1512,"8203864, 823704, 824005, 1058997, 925626"
1513,"12330560, 823704, 824005, 903325, 1119051"
1514,"1077208, 823704, 824005, 1126899, 1081177"
1515,"1034176, 823704, 824005, 986912, 15717057"
1517,"975329, 823704, 824005, 962568, 981760"
1518,"6754452, 823704, 824005, 1029743, 981760"
1519,"831407, 823704, 824005, 1070820, 15972074"
1520,"12525194, 823704, 824005, 995242, 825541"
1521,"980951, 823704, 824005, 1133018, 1053690"
1523,"1139216, 823704, 824005, 995242, 923746"
1524,"9521679, 823704, 824005, 1126899, 6034857"
1525,"848029, 823704, 824005, 1029743, 923746"
1526,"7168966, 823704, 824005, 986912, 866211"
1527,"1108094, 823704, 824005, 1029743, 981760"
1528,"1062456, 823704, 824005, 1029743, 908531"
1529,"6533765, 823704, 824005, 1126899, 979707"
1530,"12757087, 823704, 824005, 961554, 1081177"
1531,"8353115, 823704, 824005, 961554, 9420312"
1532,"1750275, 823704, 824005, 995242, 951590"
1533,"13115504, 823704, 824005, 919423, 1006664"
1534,"6773053, 823704, 824005, 923746, 1070820"
1535,"15972620, 823704, 824005, 844165, 899624"
1536,"1069312, 823704, 824005, 1029743, 981760"
1537,"848029, 823704, 824005, 1029743, 923746"
1539,"9931566, 823704, 824005, 949294, 999965"
1540,"8118835, 823704, 824005, 1038217, 990797"
1541,"849202, 823704, 825541, 1029743, 901062"
1542,"938138, 823704, 824005, 1133018, 1097001"
1543,"15972905, 823704, 824005, 995242, 1053690"
1545,"1095350, 823704, 824005, 1106523, 13382402"
1546,"7152614, 823704, 824005, 1068719, 1065593"
1547,"13115915, 823704, 824005, 995242, 1053690"
1548,"1000753, 823704, 824005, 995242, 914190"
1549,"1020454, 823704, 824005, 986912, 1122358"
1550,"16200757, 823704, 824005, 1133018, 1044078"
1552,"1065382, 823704, 824005, 1029743, 951590"
1553,"9933621, 823704, 824005, 981760, 1068719"
1555,"9296544, 823704, 824005, 888054, 831559"
1556,"1036686, 823704, 824005, 995242, 880150"
1557,"6514296, 823704, 824005, 1106523, 1026118"
1558,"1018907, 823704, 824005, 1029743, 866211"
1559,"12262735, 823704, 824005, 1053690, 1026118"
1560,"9524291, 823704, 824005, 965766, 1021519"
1563,"1035321, 823704, 824005, 981760, 1004906"
1564,"9395310, 823704, 824005, 1004906, 825541"
1566,"849202, 823704, 824005, 979707, 844179"
1567,"848029, 823704, 824005, 1133018, 862682"
1568,"1000753, 823704, 824005, 899624, 1133018"
1569,"1015306, 823704, 824005, 995242, 1042616"
1570,"12984574, 823704, 824005, 13842090, 852650"
1571,"9469654, 823704, 824005, 981760, 8090509"
1572,"15972905, 825541, 832678, 914190, 979707"
1575,"16770238, 823704, 824005, 979707, 1022254"
1576,"1121041, 823704, 824005, 995242, 981760"
1577,"6533765, 823704, 824005, 1006483, 6979753"
1578,"7132321, 823704, 824005, 1044078, 1038217"
1579,"1119993, 823704, 825541, 995242, 962568"
1580,"17105745, 823704, 824005, 1044078, 896369"
1581,"883819, 823704, 824005, 1029743, 893501"
1584,"1134023, 823704, 824005, 1029743, 1053690"
1585,"15741060, 823704, 824005, 916122, 5569471"
1587,"888625, 823704, 824005, 1051211, 1006878"
1588,"165065, 823704, 824005, 908531, 901062"
1590,"824977, 823704, 824005, 962568, 1070820"
1591,"6533765, 823704, 825541, 862349, 1022254"
1592,"987852, 823704, 824005, 825365, 1007136"
1593,"13417402, 823704, 824005, 995242, 981760"
1594,"863762, 823704, 824005, 1106523, 986912"
1595,"950761, 823704, 824005, 951590, 1006184"
1596,"15972905, 823704, 824005, 916122, 940766"
1598,"1000753, 823704, 825541, 1029743, 951590"
1599,"982469, 823704, 824005, 1068719, 951590"
1600,"1075007, 823704, 824005, 960791, 16770156"
1602,"827939, 823704, 824005, 995242, 962568"
1604,"9676963, 823704, 824005, 832678, 856772"
1607,"1122335, 823704, 824005, 844165, 5569230"
1608,"12301176, 823704, 824005, 1133018, 1022254"
1609,"14025500, 823704, 824005, 1029743, 981760"
1611,"12487542, 823704, 824005, 995242, 981760"
1612,"1048257, 823704, 824005, 923746, 1126899"
1614,"6944994, 823704, 824005, 999250, 1003188"
1618,"15629664, 823704, 824005, 981760, 979707"
1619,"6704127, 823704, 824005, 981760, 899624"
1620,"10285364, 823704, 824005, 1106523, 1053690"
1621,"4697572, 823704, 824005, 1106523, 1068719"
1622,"9670684, 823704, 824005, 1029743, 981760"
1623,"6533765, 823704, 824005, 1106523, 1068719"
1624,"891067, 823704, 824005, 929433, 993638"
1627,"1108622, 823704, 824005, 962568, 903325"
1628,"954809, 823704, 824005, 1058997, 15972074"
1630,"1000753, 823704, 824005, 923746, 883932"
1631,"869077, 823704, 824005, 1029743, 1044078"
1632,"9802787, 823704, 824005, 9487782, 825541"
1633,"1101637, 823704, 824005, 1029743, 981760"
1634,"875589, 823704, 824005, 995242, 859075"
1636,"1029688, 823704, 824005, 1133018, 962568"
1637,"912388, 823704, 824005, 981760, 1039156"
1638,"1107420, 823704, 824005, 862349, 882247"
1640,"15800550, 823704, 824005, 1106523, 999270"
1641,"295850, 823704, 824005, 1126899, 854852"
1642,"1037783, 823704, 825541, 1133018, 951590"
1643,"824291, 823704, 824005, 1133018, 844165"
1644,"259120, 823704, 824005, 1042774, 825541"
1645,"1005991, 823704, 824005, 933835, 1137775"
1646,"12672832, 823704, 824005, 1070820, 825541"
1647,"13040149, 823704, 824005, 6979578, 825541"
1648,"918468, 823704, 824005, 1011876, 998444"
1649,"15597081, 823704, 824005, 903325, 1051516"
1650,"1116571, 823704, 824005, 962568, 854852"
1651,"825159, 823704, 824005, 980263, 10285454"
1652,"1034176, 823704, 824005, 1029743, 13189968"
1653,"12731432, 823704, 824005, 1029743, 1044078"
1654,"12695775, 823704, 824005, 887102, 825541"
1657,"6533765, 823704, 824005, 1106523, 1053690"
1658,"833940, 823704, 824005, 1068719, 963727"
1659,"12729530, 823704, 824005, 962568, 1044078"
1660,"1066282, 823704, 824005, 1043590, 822966"
1662,"1088910, 823704, 824005, 1126899, 1055425"
1663,"9704174, 823704, 824005, 1004906, 1006483"
1664,"1000753, 824005, 825541, 923746, 916122"
1665,"12263183, 823704, 824005, 995242, 1038217"
1666,"851019, 823704, 824005, 962229, 822259"
1668,"13986271, 823704, 824005, 857074, 8160225"
1669,"9705666, 823704, 824005, 1126899, 829323"
1672,"6533765, 823704, 824005, 851639, 825541"
1673,"6533765, 823704, 825541, 1133018, 1053690"
1676,"1021164, 823704, 824005, 961554, 1028816"
1677,"956599, 823704, 824005, 981760, 995242"
1680,"970747, 823704, 824005, 1126899, 859075"
1683,"9655380, 823704, 824005, 5569471, 969866"
1684,"2084191, 823704, 824005, 995242, 951590"
1685,"7410346, 823704, 824005, 1029743, 962568"
1686,"1074775, 823704, 824005, 986912, 825365"
1687,"7151881, 823704, 824005, 916122, 866211"
1688,"1029688, 823704, 824005, 1075368, 12696090"
1689,"5572851, 823704, 824005, 1076056, 825541"
1690,"9553176, 823704, 824005, 928049, 835004"
1692,"8381265, 823704, 824005, 1029743, 1038217"
1693,"13512739, 823704, 824005, 1126899, 900802"
1694,"6533765, 823704, 824005, 951590, 859075"
1695,"952394, 823704, 824005, 1035386, 1110797"
1696,"10149631, 823704, 824005, 7443130, 888543"
1697,"8116306, 823704, 824005, 844179, 5568378"
1698,"6554077, 823704, 824005, 1106523, 844179"
1699,"874972, 823704, 824005, 914190, 986912"
1700,"837596, 823704, 824005, 828867, 908504"
1701,"9878920, 823704, 824005, 995242, 5569230"
1703,"874972, 823704, 824005, 1106523, 923746"
1704,"16731342, 823704, 824005, 914190, 883370"
1705,"5567715, 823704, 824005, 1029743, 1127758"
1706,"9527062, 823704, 824005, 1133018, 913210"
1707,"924355, 823704, 824005, 1029743, 1085604"
1708,"874972, 823704, 824005, 1029743, 1053690"
1709,"12605564, 823704, 824005, 1029743, 979707"
1710,"976270, 823704, 824005, 1106523, 854852"
1712,"16766898, 823704, 824005, 5568378, 925862"
1713,"843076, 823704, 824005, 938394, 12386050"
1715,"10355632, 823704, 824005, 9707077, 825541"
1716,"6704127, 823704, 824005, 859075, 1043590"
1717,"12456562, 823704, 824005, 995242, 870547"
1718,"877611, 823704, 824005, 1131321, 1019247"
1719,"873023, 823704, 824005, 1029743, 923746"
1720,"1074449, 823704, 824005, 914190, 1070820"
1721,"5587422, 823704, 824005, 970248, 825541"
1722,"1035321, 823704, 824005, 1058997, 962568"
1723,"17179752, 823704, 824005, 880150, 922561"
1724,"935951, 823704, 824005, 5592931, 995965"
1726,"1124288, 823704, 825541, 962568, 1022254"
1728,"5568800, 823704, 824005, 1031864, 946396"
1729,"1054402, 823704, 824005, 844165, 1070538"
1731,"15568200, 823704, 824005, 923746, 1133018"
1732,"15483431, 823704, 824005, 1029743, 914190"
1733,"1080782, 823704, 824005, 879755, 5566472"
1734,"12781659, 823704, 824005, 879755, 1122568"
1735,"5570398, 823704, 824005, 1029743, 981760"
1737,"1761579, 823704, 824005, 962568, 914190"
1738,"972403, 823704, 824005, 981760, 965766"
1739,"13906741, 823704, 824005, 1106523, 1053690"
1740,"13986340, 823704, 824005, 1075368, 6034857"
1742,"10121970, 823704, 824005, 1081853, 864335"
1743,"16767730, 823704, 824005, 990797, 940947"
1745,"12351961, 823704, 824005, 923746, 871756"
1747,"826666, 823704, 824005, 825343, 1099089"
1748,"6533765, 823704, 824005, 1106523, 916122"
1749,"15971748, 823704, 824005, 1029743, 962568"
1750,"9220571, 823704, 824005, 981760, 916122"
1751,"6391406, 823704, 824005, 1133018, 1053690"
1752,"867785, 823704, 824005, 1106523, 981760"
1753,"859747, 823704, 824005, 1077373, 941741"
1754,"6919206, 823704, 824005, 995242, 923746"
1755,"921438, 823704, 824005, 914190, 951590"
1756,"12171559, 823704, 824005, 1065593, 952972"
1758,"12672986, 823704, 824005, 1126899, 908531"
1759,"12171646, 823704, 824005, 923746, 1058997"
1760,"994276, 823704, 824005, 1070820, 906838"
1761,"1013928, 823704, 824005, 981760, 1133018"
1762,"12731432, 823704, 825541, 1029743, 908531"
1763,"9655676, 823704, 824005, 1106523, 979707"
1764,"13115915, 823704, 825541, 1058997, 901062"
1765,"1139216, 823704, 824005, 962568, 899624"
1766,"13008348, 823704, 824005, 1043590, 8090537"
1767,"1132693, 823704, 824005, 5568378, 1005186"
1768,"6979429, 823704, 824005, 873654, 1090676"
1769,"13416117, 823704, 824005, 981760, 866211"
1770,"901455, 823704, 825541, 995242, 923746"
1773,"926391, 823704, 824005, 916122, 903325"
1774,"937358, 823704, 824005, 1106523, 981760"
1775,"16809646, 823704, 824005, 923746, 981760"
1776,"17249614, 823704, 825541, 1029743, 981760"
1778,"1031373, 823704, 824005, 852856, 825541"
1779,"12757265, 823704, 824005, 862349, 1005186"
1780,"9676986, 823704, 824005, 1106523, 909714"
1781,"894499, 823704, 824005, 1004906, 961554"
1783,"13381295, 823704, 824005, 981760, 914190"
1784,"9424422, 823704, 824005, 1126899, 961554"
1785,"9521679, 823704, 824005, 878996, 1131321"
1787,"919775, 823704, 824005, 995242, 1119051"
1788,"8158303, 823704, 824005, 995242, 909714"
1789,"9654918, 823704, 824005, 1133018, 5565352"
1790,"5587894, 823704, 824005, 899624, 951590"
1791,"948670, 823704, 824005, 995242, 899624"
1792,"1086660, 823704, 824005, 5569230, 1075368"
1793,"974156, 823704, 824005, 1029743, 859075"
1794,"1032967, 823704, 824005, 1106523, 990797"
1795,"930283, 823704, 824005, 862349, 986912"
1796,"849202, 823704, 824005, 5568378, 5569230"
1797,"16053242, 823704, 825541, 981760, 854852"
1798,"1054109, 823704, 824005, 962568, 1070820"
1800,"981677, 823704, 824005, 908531, 962161"
1801,"1053630, 823704, 824005, 1085604, 859010"
1802,"295850, 823704, 824005, 885290, 1003487"
1803,"939860, 823704, 824005, 1022254, 847982"
1804,"7410217, 824005, 832678, 995242, 981760"
1805,"7409999, 823704, 824005, 1005186, 1063207"
1806,"906631, 823704, 824005, 1029743, 839094"
1807,"929178, 823704, 824005, 923746, 962568"
1808,"9396688, 823704, 824005, 949023, 7147145"
1809,"850862, 823704, 824005, 995242, 1068719"
1810,"864893, 823704, 824005, 1029743, 899624"
1811,"1109875, 823704, 824005, 842423, 960942"
1812,"836445, 823704, 824005, 962568, 961554"
1814,"8362614, 823704, 825541, 845208, 844179"
1815,"829291, 823704, 824005, 1029743, 961554"
1816,"1129049, 823704, 824005, 1070820, 840601"
1817,"9221400, 823704, 824005, 1053690, 1037863"
1818,"892317, 823704, 824005, 1029743, 8019716"
1821,"1075007, 823704, 824005, 1106523, 1004906"
1822,"1038663, 823704, 824005, 844179, 859075"
1823,"848029, 823704, 824005, 1070820, 854852"
1824,"1024721, 823704, 824005, 1106523, 908531"
1826,"9655328, 823704, 824005, 995242, 908531"
1829,"1020208, 823704, 824005, 995242, 1022254"
1831,"1014293, 823704, 825541, 962568, 1058997"
1832,"1114300, 823704, 824005, 961554, 1058997"
1833,"12262778, 823704, 824005, 1133018, 908531"
1835,"843068, 823704, 825541, 995242, 923746"
1836,"5570398, 823704, 824005, 961554, 1058997"
1837,"835630, 823704, 824005, 995242, 979707"
1838,"9524291, 823704, 824005, 859075, 833025"
1839,"1055902, 823704, 824005, 1106523, 1024731"
1841,"13672356, 823704, 824005, 1037863, 872137"
1843,"917384, 823704, 824005, 951590, 953677"
1844,"14044643, 823704, 824005, 5570882, 9673969"
1845,"937358, 823704, 824005, 1126899, 878996"
1846,"10255490, 823704, 824005, 908531, 937715"
1847,"12385785, 823704, 824005, 1133018, 923746"
1848,"17104899, 823704, 824005, 986912, 5569471"
1849,"829291, 823704, 824005, 995242, 859010"
1850,"956599, 823704, 824005, 962568, 979707"
1853,"9655679, 823704, 824005, 1029743, 981760"
1854,"15717150, 823704, 824005, 995242, 1068719"
1856,"881360, 823704, 824005, 1106523, 1044078"
1857,"5573199, 823704, 824005, 1092026, 9297370"
1858,"1061522, 823704, 824005, 1058997, 1081177"
1861,"973913, 823704, 824005, 995242, 923746"
1862,"501675, 823704, 824005, 995242, 854852"
1864,"6424403, 823704, 824005, 979707, 903325"
1865,"988172, 823704, 824005, 862349, 986912"
1867,"12810464, 823704, 824005, 844179, 12810393"
1868,"1000753, 823704, 824005, 1133018, 835243"
1869,"848029, 823704, 824005, 1058997, 899624"
1871,"6396181, 823704, 824005, 15831255, 942045"
1872,"13512901, 823704, 824005, 962568, 1053690"
1873,"834396, 823704, 824005, 962229, 908531"
1876,"12171752, 823704, 824005, 995242, 1085604"
1877,"972326, 823704, 824005, 8090440, 960791"
1879,"405047, 823704, 824005, 951590, 933835"
1880,"1065017, 823704, 824005, 1133018, 914190"
1881,"959361, 823704, 824005, 995242, 981760"
1882,"5588843, 823704, 824005, 1029743, 5569230"
1883,"10204437, 823704, 824005, 1133018, 914190"
1884,"1075007, 823704, 824005, 825541, 832678"
1887,"1074618, 823704, 824005, 866211, 878996"
1889,"15717170, 823704, 824005, 914190, 865456"
1890,"13877189, 823704, 824005, 916122, 1058997"
1891,"12812096, 823704, 824005, 1066289, 827079"
1892,"6533765, 823704, 824005, 1038217, 1059902"
1895,"10198378, 823704, 824005, 1133018, 987562"
1896,"12484608, 823704, 824005, 995242, 923746"
1898,"1041490, 823704, 824005, 1057260, 1104414"
1899,"843896, 823704, 824005, 1029743, 981760"
1900,"15596225, 823704, 825541, 1070820, 933835"
1901,"6533765, 823704, 824005, 995242, 1044078"
1903,"973680, 823704, 824005, 5569327, 1101567"
1904,"8203606, 823704, 824005, 998556, 1114883"
1906,"969725, 823704, 825541, 995242, 981760"
1907,"13003101, 823704, 824005, 1029743, 923746"
1909,"955259, 823704, 824005, 1077643, 6773108"
1911,"1067218, 823704, 824005, 1029743, 1044078"
1912,"938138, 823704, 824005, 1038217, 5585510"
1914,"948670, 823704, 824005, 894439, 892573"
1916,"850578, 823704, 824005, 13115501, 940700"
1917,"975085, 823704, 824005, 1133018, 923746"
1918,"12781303, 823704, 824005, 995242, 825541"
1919,"1103513, 823704, 824005, 1065593, 1096036"
1920,"7142987, 823704, 824005, 862349, 979707"
1922,"6979634, 823704, 824005, 862349, 1014054"
1923,"9396835, 823704, 824005, 979707, 901062"
1924,"8068801, 823704, 824005, 995242, 962568"
1925,"12518029, 823704, 824005, 1042942, 825541"
1926,"874972, 823704, 824005, 923746, 914190"
1927,"9835223, 823704, 824005, 914190, 951590"
1928,"835819, 823704, 824005, 908531, 1085604"
1929,"958891, 823704, 824005, 1106523, 951590"
1930,"947144, 823704, 824005, 5569230, 5585510"
1931,"12262830, 823704, 824005, 1110843, 1096317"
1932,"6424091, 823704, 824005, 852856, 853172"
1935,"853449, 823704, 824005, 962568, 961554"
1936,"1106684, 823704, 824005, 1029743, 962229"
1937,"853449, 823704, 824005, 862349, 962229"
1939,"10312030, 823704, 824005, 995242, 963971"
1940,"6772968, 823704, 824005, 845208, 1037863"
1941,"17179020, 823704, 824005, 1133018, 1044078"
1942,"1021324, 823704, 824005, 1133018, 5569230"
1943,"8020243, 823704, 824005, 1029743, 1092026"
1944,"15831387, 823704, 825541, 1070820, 1022254"
1945,"16733959, 823704, 824005, 972858, 825541"
1946,"13417853, 823704, 824005, 923746, 10149640"
1947,"950299, 823704, 824005, 1126899, 951590"
1948,"901067, 823704, 825541, 961554, 916993"
1949,"912141, 823704, 824005, 1133018, 951590"
1950,"955280, 823704, 824005, 995242, 1044078"
1951,"1011366, 823704, 824005, 1055446, 825541"
1952,"1000753, 823704, 824005, 1029743, 914190"
1953,"14110766, 823704, 824005, 1081177, 986912"
1954,"1129049, 823704, 824005, 899624, 1044078"
1955,"8160399, 823704, 824005, 903325, 999714"
1956,"5566800, 823704, 824005, 923746, 1044078"
1957,"987964, 823704, 824005, 995242, 951590"
1958,"838582, 823704, 824005, 932035, 825541"
1959,"3018382, 823704, 824005, 2977240, 2996216"
1960,"1016314, 823704, 824005, 1044078, 859075"
1961,"1061228, 823704, 824005, 1029743, 1065593"
1962,"1049805, 823704, 824005, 995242, 833025"
1963,"1024158, 823704, 824005, 979707, 859075"
1964,"15831250, 823704, 824005, 1037863, 1013572"
1965,"15569768, 823704, 824005, 1053690, 1044078"
1966,"956599, 823704, 824005, 897954, 5590965"
1967,"5637828, 823704, 824005, 914190, 961554"
1968,"10149351, 823704, 824005, 995242, 923746"
1969,"9707055, 823704, 824005, 995242, 844165"
1970,"920581, 823704, 824005, 1053690, 7147145"
1971,"16037027, 823704, 824005, 899624, 916381"
1975,"997272, 823704, 824005, 995242, 883003"
1976,"878184, 823704, 824005, 1133018, 1065593"
1978,"1000753, 823704, 824005, 981086, 15452812"
1979,"864893, 823704, 824005, 1116589, 825541"
1981,"12810389, 823704, 824005, 1029743, 903325"
1983,"1107502, 823704, 824005, 5569230, 1110843"
1985,"8116306, 823704, 824005, 951590, 1106523"
1987,"1074177, 823704, 824005, 1058997, 844179"
1988,"12262778, 823704, 824005, 1106523, 923746"
1989,"970747, 823704, 824005, 901062, 1062002"
1990,"8180905, 823704, 824005, 1029743, 12263788"
1991,"9553167, 823704, 824005, 858863, 825541"
1992,"1030531, 823704, 824005, 1030981, 843111"
1993,"8354048, 823704, 824005, 1133018, 1044078"
1994,"8353115, 823704, 824005, 1070820, 1110843"
1995,"12812261, 823704, 825541, 1029743, 962568"
1996,"926823, 823704, 824005, 981760, 1004906"
1997,"946166, 823704, 824005, 1058997, 903325"
1998,"12262830, 823704, 824005, 1133018, 1053690"
1999,"1122750, 823704, 824005, 995242, 911470"
2001,"15593965, 823704, 824005, 859075, 866211"
2003,"9880960, 823704, 824005, 1058997, 901062"
2004,"961550, 823704, 824005, 995242, 899624"
2005,"1035321, 823704, 824005, 995242, 845208"
2006,"6533765, 823704, 824005, 962568, 1029743"
2007,"1002787, 823704, 824005, 961554, 981760"
2008,"9655629, 823704, 824005, 995242, 1087102"
2010,"886991, 823704, 824005, 1106523, 981760"
2011,"10203579, 823704, 824005, 893501, 921504"
2012,"945898, 823704, 824005, 1044078, 1133018"
2014,"836445, 823704, 824005, 995242, 981760"
2015,"12262830, 824005, 825541, 1029743, 981760"
2016,"12778577, 823704, 824005, 951590, 913785"
2017,"899019, 823704, 825541, 923746, 903325"
2018,"848029, 823704, 824005, 1106523, 899624"
2019,"13115915, 823704, 824005, 1029743, 981760"
2020,"948670, 823704, 824005, 986912, 1132771"
2021,"841565, 823704, 824005, 951590, 15452812"
2022,"15452330, 823704, 824005, 841309, 1122568"
2023,"6979253, 823704, 824005, 1107553, 833577"
2025,"958474, 823704, 824005, 1116476, 908318"
2026,"1095347, 823704, 824005, 914190, 854852"
2027,"887474, 823704, 824005, 995242, 951590"
2028,"7155012, 823704, 824005, 995242, 5568378"
2029,"982469, 823704, 824005, 1133018, 14077333"
2030,"882308, 823704, 824005, 1081177, 8090440"
2031,"1078309, 823704, 824005, 995242, 923746"
2032,"1129049, 823704, 824005, 1005186, 1042438"
2033,"1098487, 823704, 824005, 995242, 859075"
2034,"10312030, 823704, 824005, 923746, 1133018"
2036,"9571422, 823704, 824005, 1106523, 979707"
2037,"858418, 823704, 824005, 1070820, 1110142"
2038,"849202, 823704, 824005, 865456, 972931"
2039,"6463903, 823704, 824005, 1029743, 923746"
2040,"13381261, 823704, 824005, 5592931, 825541"
2041,"848029, 823704, 824005, 979707, 940947"
2042,"5568800, 823704, 824005, 923746, 845208"
2043,"846091, 823704, 824005, 1133018, 1106301"
2046,"12352304, 823704, 824005, 825541, 832678"
2047,"13986552, 823704, 824005, 899624, 901062"
2048,"6391137, 823704, 824005, 1106523, 1075368"
2049,"1059067, 823704, 824005, 908531, 5568378"
2050,"1000753, 823704, 824005, 1029743, 899624"
2055,"1048257, 823704, 824005, 995242, 1104343"
2056,"9221348, 823704, 824005, 1133018, 961554"
2057,"1123321, 823704, 824005, 835098, 948650"
2058,"9222001, 823704, 825541, 903325, 824005"
2059,"1021324, 823704, 824005, 995242, 899624"
2060,"1107502, 823704, 824005, 12810393, 999858"
2062,"914126, 823704, 824005, 1058997, 852360"
2063,"904048, 823704, 824005, 1022254, 986912"
2064,"968072, 823704, 824005, 854852, 1133018"
2065,"1000753, 823704, 824005, 1029743, 962568"
2068,"15778487, 823704, 824005, 1070820, 961554"
2070,"1035321, 823704, 824005, 995242, 962568"
2071,"954759, 823704, 824005, 6534077, 1118757"
2072,"947584, 823704, 824005, 899624, 833025"
2075,"6533765, 823704, 824005, 1106523, 1068719"
2076,"12301639, 823704, 824005, 981760, 854852"
2077,"8160301, 823704, 824005, 1106523, 903325"
2079,"1021324, 823704, 824005, 1106523, 923746"
2080,"848029, 823704, 824005, 1106523, 981760"
2081,"1106533, 823704, 824005, 995242, 923746"
2082,"13416117, 823704, 824005, 995242, 961554"
2083,"15972905, 823704, 824005, 1004906, 1058997"
2084,"9521679, 823704, 825541, 981760, 862349"
2085,"1038663, 823704, 824005, 899624, 908531"
2086,"13115915, 823704, 824005, 1107553, 868764"
2087,"948670, 823704, 824005, 995242, 914190"
2088,"1133378, 823704, 824005, 1029743, 961554"
2089,"12731703, 823704, 824005, 1126899, 1036693"
2090,"998876, 823704, 824005, 995242, 1039156"
2091,"15717170, 823704, 824005, 1029743, 1058779"
2094,"939860, 823704, 824005, 962568, 1070820"
2095,"6391174, 823704, 824005, 1068719, 1044078"
2099,"15627088, 823704, 824005, 1010190, 935284"
2100,"15926118, 823704, 824005, 1133018, 844165"
2101,"1057033, 823704, 824005, 1029743, 981760"
2102,"12262778, 823704, 824005, 995242, 916122"
2103,"561174, 823704, 824005, 986912, 15831255"
2105,"9214273, 823704, 824005, 923746, 1133018"
2108,"12582055, 823704, 824005, 923746, 899624"
2109,"1012856, 823704, 824005, 981760, 963727"
2110,"8203686, 823704, 824005, 6034857, 933835"
2111,"921649, 823704, 824005, 1058997, 859594"
2112,"6551867, 823704, 824005, 979707, 961554"
2114,"968072, 823704, 824005, 986912, 933835"
2115,"1139216, 823704, 824005, 1029743, 962568"
2116,"12185568, 823704, 824005, 995242, 962568"
2119,"12731432, 823704, 824005, 961554, 866211"
2120,"511273, 823704, 824005, 735003, 486782"
2121,"9831557, 823704, 824005, 862349, 1057260"
2122,"1135331, 823704, 824005, 1106523, 951590"
2123,"951009, 823704, 824005, 995242, 916122"
2124,"13380888, 823704, 824005, 1029743, 1062002"
2125,"833940, 823704, 825541, 1029743, 962568"
2126,"12757246, 823704, 824005, 868764, 909894"
2129,"948670, 823704, 824005, 995242, 1068719"
2130,"1110111, 823704, 824005, 1044078, 826385"
2131,"12188144, 823704, 824005, 986912, 9268695"
2132,"1083038, 823704, 824005, 889649, 1104414"
2133,"1057949, 823704, 824005, 1126899, 833025"
2134,"400674, 823704, 824005, 1027092, 16733693"
2135,"952550, 823704, 825541, 979707, 16100266"
2136,"860248, 823704, 825541, 1126899, 901062"
2137,"1035321, 823704, 824005, 961554, 1037863"
2138,"888477, 823704, 824005, 1029743, 844165"
2139,"1021164, 823704, 824005, 1005186, 863802"
2141,"1125837, 823704, 824005, 914190, 1070820"
2142,"6533765, 823704, 824005, 1029743, 986912"
2145,"13876877, 823704, 824005, 825541, 832678"
2146,"1119993, 823704, 824005, 1029743, 955403"
2147,"1134428, 823704, 824005, 961554, 1133018"
2148,"13797841, 823704, 824005, 1133018, 981760"
2149,"849202, 823704, 824005, 995242, 923746"
2151,"12330826, 823704, 824005, 1044078, 1065593"
2153,"12605245, 823704, 824005, 1029743, 923746"
2154,"9831469, 823704, 824005, 995242, 1022254"
2155,"332873, 823704, 824005, 1004906, 916122"
2156,"1119300, 823704, 824005, 1029743, 913210"
2158,"5589252, 823704, 824005, 862349, 981760"
2159,"6533765, 823704, 824005, 1133018, 8090537"
2160,"1000753, 823704, 824005, 825541, 832678"
2161,"1072538, 823704, 824005, 1126899, 1053690"
2162,"8019921, 823704, 824005, 995242, 981760"
2163,"1047956, 823704, 824005, 862349, 1016274"
2167,"1118963, 823704, 824005, 1106523, 1043301"
2168,"865334, 823704, 824005, 1044078, 981760"
2169,"5567950, 823704, 824005, 1017887, 926065"
2170,"1013928, 823704, 824005, 12301784, 834491"
2171,"6944710, 823704, 824005, 951590, 999104"
2172,"1111080, 823704, 824005, 981760, 1110142"
2173,"13115886, 823704, 824005, 940700, 1046584"
2174,"9553176, 823704, 824005, 1125278, 1130777"
2175,"5569893, 823704, 824005, 7409664, 938596"
2176,"833409, 823704, 824005, 833025, 5569327"
2179,"12649252, 823704, 824005, 951412, 1128464"
2181,"948924, 823704, 824005, 923746, 1101010"
2182,"1056622, 823704, 824005, 1011300, 993638"
2183,"995151, 823704, 824005, 995242, 908531"
2184,"977301, 823704, 824005, 844165, 1005186"
2185,"6533184, 823704, 824005, 863447, 5566472"
2186,"1038663, 823704, 824005, 899624, 951590"
2188,"967091, 823704, 824005, 1133018, 933835"
2189,"13907721, 823704, 824005, 866211, 1081177"
2190,"16809589, 823704, 824005, 908531, 1044078"
2193,"1118623, 825541, 832678, 979707, 1070820"
2194,"9396688, 823704, 824005, 995242, 981760"
2195,"720137, 823704, 824005, 1115358, 825541"
2196,"1098975, 823704, 824005, 995242, 1053690"
2197,"1086271, 823704, 824005, 1068719, 1039156"
2198,"849202, 823704, 824005, 995242, 981760"
2199,"12484608, 823704, 824005, 1058997, 933835"
2200,"7151881, 824005, 825541, 981760, 923746"
2202,"6602368, 823704, 824005, 6034857, 927400"
2203,"953008, 823704, 824005, 1029743, 979707"
2204,"1013928, 823704, 824005, 981760, 844165"
2205,"1019382, 823704, 824005, 882247, 1012941"
2206,"1053022, 823704, 824005, 1029743, 1135552"
2207,"929421, 823704, 824005, 995242, 979707"
2208,"848029, 823704, 824005, 5569230, 1106523"
2209,"933238, 823704, 824005, 981760, 979707"
2211,"919766, 823704, 825541, 1070820, 859075"
2212,"7166446, 823704, 824005, 1092026, 1000736"
2213,"1086286, 823704, 824005, 9268695, 1052912"
2214,"995151, 823704, 824005, 1029743, 5568378"
2215,"13506119, 823704, 824005, 923746, 1133018"
2217,"9803531, 823704, 824005, 923746, 1022254"
2221,"8203680, 823704, 824005, 1058997, 5569374"
2222,"866548, 823704, 824005, 961554, 5568729"
2223,"12696051, 823704, 824005, 1133018, 5568197"
2224,"970866, 823704, 824005, 862349, 893501"
2225,"1110111, 823704, 825541, 908531, 1004906"
2226,"1063311, 823704, 824005, 13776705, 1112949"
2228,"1134483, 823704, 824005, 1050741, 1131529"
2229,"899019, 823704, 824005, 961554, 862349"
2231,"1111391, 823704, 824005, 916122, 1126899"
2233,"950463, 823704, 824005, 979707, 1058997"
2234,"848029, 823704, 824005, 844179, 878026"
2235,"943320, 823704, 824005, 899624, 1027569"
2237,"849202, 823704, 824005, 961554, 908531"
2238,"972384, 823704, 824005, 979707, 1005186"
2239,"966785, 823704, 824005, 1029743, 1092026"
2240,"965864, 823704, 824005, 1110244, 7409670"
2241,"15740968, 823704, 824005, 995242, 981760"
2243,"12731432, 824005, 825541, 899624, 844179"
2244,"13671857, 823704, 824005, 995242, 914190"
2245,"6533765, 823704, 824005, 995242, 1044078"
2247,"1034176, 823704, 824005, 1106523, 899624"
2248,"1108094, 823704, 824005, 951197, 960613"
2250,"13381455, 823704, 824005, 957063, 1094955"
2252,"1134483, 823704, 824005, 995242, 923746"
2253,"12987921, 823704, 824005, 1058378, 13413299"
2256,"976030, 823704, 824005, 1428766, 5637894"
2257,"1126465, 823704, 824005, 1106523, 1104349"
2258,"833940, 823704, 824005, 821025, 825541"
2259,"6533765, 823704, 824005, 1106523, 1044078"
2260,"15554948, 823704, 824005, 995242, 951590"
2261,"826666, 823704, 824005, 1106523, 983584"
2262,"937041, 823704, 824005, 1019247, 10341697"
2263,"6425657, 823704, 824005, 995242, 1044078"
2264,"833940, 823704, 824005, 916122, 1126899"
2266,"1054402, 823704, 824005, 903325, 951412"
2267,"997272, 823704, 825541, 1126899, 903325"
2269,"874972, 823704, 824005, 951590, 923746"
2270,"12185568, 823704, 824005, 859075, 1106301"
2271,"8144652, 823704, 824005, 995242, 1082212"
2272,"873085, 823704, 824005, 914190, 951590"
2273,"914240, 823704, 824005, 1029743, 899624"
2274,"17105530, 823704, 824005, 1029743, 1044078"
2275,"968072, 823704, 824005, 995242, 899624"
2276,"8292892, 823704, 824005, 1065593, 890695"
2277,"16059182, 823704, 824005, 1053690, 8090537"
2278,"1018818, 823704, 824005, 9245106, 1138854"
2279,"12645082, 823704, 824005, 1108168, 12524009"
2280,"12262778, 824005, 825541, 981760, 1004906"
2281,"5579594, 823704, 824005, 916122, 6034857"
2282,"1068879, 823704, 824005, 874149, 1070820"
2283,"13094891, 823704, 824005, 923746, 1070820"
2284,"959737, 823704, 825541, 916122, 961554"
2285,"1054432, 823704, 825541, 903325, 857503"
2287,"1900936, 823704, 824005, 968936, 13008065"
2288,"15552934, 823704, 824005, 8293447, 891118"
2289,"834396, 823704, 824005, 1106523, 1068719"
2290,"5592300, 823704, 824005, 1085604, 996891"
2291,"1096821, 823704, 824005, 1032950, 6979427"
2292,"967538, 823704, 824005, 995242, 923746"
2293,"9673970, 823704, 824005, 1106523, 835243"
2294,"7467048, 823704, 824005, 5569230, 15741433"
2295,"847432, 823704, 824005, 1106523, 899624"
2296,"848029, 823704, 824005, 1029743, 859075"
2297,"849548, 823704, 824005, 1133018, 1009449"
2298,"826666, 823704, 824005, 995242, 923746"
2299,"8020166, 823704, 824005, 961554, 903325"
2300,"15452330, 823704, 824005, 995242, 965766"
2301,"838020, 823704, 824005, 995242, 1044078"
2302,"1103295, 825541, 832678, 995242, 981760"
2303,"1101744, 823704, 824005, 1033545, 1110764"
2305,"927060, 823704, 824005, 995242, 908531"
2307,"923424, 823704, 824005, 995242, 883003"
2308,"12649155, 823704, 824005, 1070820, 1098844"
2312,"853449, 823704, 824005, 962568, 903325"
2314,"1071976, 823704, 824005, 962568, 979707"
2315,"15972905, 823704, 824005, 8090440, 12172240"
2317,"5590965, 823704, 824005, 933835, 995242"
2319,"1071120, 823704, 824005, 930335, 825541"
2322,"970866, 823704, 824005, 845208, 970030"
2323,"899019, 824005, 825541, 995242, 981760"
2324,"9677188, 823704, 824005, 1029743, 961554"
2325,"12262830, 823704, 824005, 872137, 883932"
2328,"12262778, 823704, 825541, 981760, 824005"
2330,"13115974, 823704, 824005, 1126899, 979707"
2331,"8358621, 823704, 824005, 995242, 914190"
2333,"1098200, 823704, 824005, 995242, 923746"
2334,"5566800, 823704, 824005, 1029743, 1065593"
2335,"5571176, 823704, 824005, 1133018, 951590"
2336,"1044056, 823704, 824005, 1029743, 5568378"
2337,"887745, 823704, 824005, 1106523, 1092026"
2338,"7409713, 823704, 824005, 1106523, 962568"
2339,"10457522, 823704, 824005, 916381, 1035932"
2340,"1075007, 823704, 824005, 1133018, 914190"
2341,"6979675, 823704, 824005, 1106523, 844165"
2342,"866548, 823704, 824005, 962568, 995242"
2343,"926737, 823704, 824005, 995242, 1092026"
2344,"93884, 823704, 824005, 962568, 1037863"
2345,"1034176, 823704, 824005, 979707, 9835509"
2347,"13417997, 823704, 824005, 1029743, 833025"
2349,"12758503, 823704, 824005, 1313189, 1287338"
2350,"903677, 823704, 824005, 995242, 979707"
2351,"9521787, 823704, 825541, 961554, 981760"
2352,"13072793, 823704, 824005, 1133018, 916381"
2354,"5567715, 823704, 824005, 999250, 10285141"
2359,"10356489, 823704, 824005, 1044078, 1038217"
2360,"12484491, 823704, 825541, 995242, 979707"
2361,"13381954, 823704, 824005, 844179, 1048462"
2363,"840501, 823704, 824005, 916122, 1058997"
2364,"5705284, 823704, 824005, 1869549, 1874568"
2366,"849202, 823704, 824005, 995242, 981760"
2368,"902077, 823704, 824005, 995242, 994685"
2369,"5570977, 823704, 824005, 981760, 916122"
2370,"849202, 823704, 825541, 923746, 862349"
2372,"14025592, 823704, 824005, 1133018, 1042438"
2373,"897724, 823704, 824005, 1029743, 838602"
2374,"970866, 823704, 824005, 962568, 1070820"
2375,"848029, 824005, 825541, 981760, 923746"
2376,"843670, 823704, 824005, 1070820, 1101010"
2377,"10182681, 823704, 824005, 1134522, 1055168"
2378,"9677366, 823704, 824005, 914190, 995242"
2379,"16059275, 823704, 824005, 1058997, 843756"
2380,"1096005, 823704, 824005, 923746, 995242"
2381,"884579, 823704, 824005, 1133018, 1065593"
2385,"1008288, 823704, 824005, 8090521, 892531"
2386,"1973566, 823704, 824005, 1093334, 1056746"
2387,"9551587, 823704, 824005, 917033, 1073506"
2388,"878141, 823704, 824005, 1133018, 916122"
2389,"9707303, 823704, 824005, 995242, 913210"
2392,"5576399, 823704, 824005, 844179, 15452836"
2393,"938138, 823704, 824005, 903325, 923746"
2394,"999034, 823704, 824005, 1037729, 825541"
2395,"1122350, 823704, 824005, 923746, 5569230"
2397,"829202, 823704, 824005, 962568, 951590"
2399,"974156, 823704, 824005, 986912, 825541"
2400,"1139216, 823704, 824005, 1133018, 1102959"
2401,"848029, 823704, 824005, 1133018, 1037863"
2404,"924006, 823704, 824005, 916122, 908531"
2405,"6533765, 823704, 824005, 995242, 962229"
2406,"983665, 823704, 824005, 6034857, 1053690"
2407,"12731432, 823704, 825541, 923746, 995242"
2408,"1138243, 823704, 824005, 866211, 908318"
2410,"6551861, 823704, 824005, 1133018, 893501"
2412,"1013928, 823704, 824005, 1106523, 923746"
2416,"1094781, 823704, 824005, 899624, 1058997"
2418,"856247, 823704, 824005, 1029743, 951590"
2420,"5592807, 823704, 824005, 1106523, 1096036"
2421,"1118235, 823704, 825541, 933835, 1127831"
2424,"6919308, 823704, 824005, 914190, 908531"
2425,"1021324, 823704, 824005, 1029743, 1085604"
2426,"6773221, 823704, 824005, 1029743, 844165"
2427,"15511721, 823704, 824005, 962568, 1058997"
2429,"2004739, 823704, 824005, 916122, 835243"
2431,"10121860, 823704, 824005, 1038217, 13841744"
2434,"9925410, 823704, 824005, 880895, 825541"
2435,"12810391, 823704, 824005, 5568378, 896369"
2437,"9837296, 823704, 824005, 1029743, 981760"
2438,"919766, 823704, 824005, 859075, 843756"
2439,"1123321, 823704, 824005, 983016, 825541"
2440,"6533765, 823704, 824005, 981760, 979707"
2441,"10314594, 823704, 824005, 995242, 908531"
2442,"10355761, 823704, 824005, 9859112, 7110357"
2445,"12731432, 823704, 824005, 962568, 1039156"
2446,"1133378, 823704, 824005, 962229, 963868"
2447,"950638, 823704, 824005, 1107553, 1058997"
2448,"1054402, 823704, 824005, 1004906, 961554"
2449,"1134483, 823704, 825541, 1029743, 979707"
2450,"15972915, 823704, 824005, 961554, 1081177"
2451,"13512301, 823704, 824005, 1058997, 960732"
2452,"866572, 823704, 824005, 1106523, 844165"
2453,"948670, 823704, 824005, 961554, 862349"
2455,"948670, 823704, 824005, 1029743, 933835"
2456,"1429659, 823704, 824005, 5568228, 1099089"
2457,"12188480, 823704, 824005, 995242, 1137775"
2458,"13910011, 823704, 824005, 1058997, 961554"
2459,"16053266, 823704, 825541, 1029743, 916122"
2460,"16809666, 823704, 824005, 5569230, 1101173"
2461,"949398, 823704, 824005, 1058997, 979707"
2462,"970747, 823704, 824005, 1029743, 962568"
2464,"819749, 823704, 824005, 1118606, 12172177"
2465,"1074495, 823704, 824005, 986912, 1053690"
2466,"836445, 823704, 824005, 1029743, 981760"
2467,"5566800, 823704, 824005, 1058997, 844165"
2470,"5590465, 823704, 824005, 15596430, 825541"
2471,"948804, 823704, 824005, 899624, 1058997"
2472,"1056733, 823704, 824005, 1053690, 845208"
2475,"1110111, 823704, 824005, 862349, 15972298"
2477,"884073, 823704, 824005, 1058997, 854852"
2478,"5591438, 823704, 824005, 995242, 962568"
2479,"13910006, 823704, 824005, 914190, 981760"
2481,"865875, 823704, 824005, 1029743, 981760"
2482,"848029, 823704, 824005, 923746, 962568"
2483,"956599, 823704, 824005, 995242, 961554"
2484,"878715, 823704, 824005, 995242, 1044078"
2485,"10203563, 823704, 824005, 862349, 990797"
2486,"1093830, 823704, 824005, 995242, 979707"
2488,"1013469, 823704, 824005, 979707, 1096036"
2489,"1088910, 823704, 824005, 916381, 828867"
2492,"1058754, 823704, 824005, 1106523, 914190"
2494,"829291, 824005, 825541, 862349, 914190"
2496,"9396835, 823704, 824005, 1106523, 981760"
2498,"10182603, 823704, 824005, 1053690, 920109"
2499,"829291, 823704, 824005, 914190, 1044078"
2500,"972058, 823704, 824005, 995242, 5569230"
